monthly_income,other_income,expenses,loan_amount,loan_type,savings_balance,existing_loans,repayment_history,guarantor_support_count,risk_level
28426.0,0.0,13851.14,86608.98,Above_25000,0.0,1,1,4,Low Risk
20772.0,0.0,16105.72,62064.97,Above_25000,0.0,0,1,4,High Risk
8450.0,10521.48,5627.67,47531.4,Above_25000,207.58,3,1,4,Low Risk
6712.0,19200.47,4022.7,20123.82,Below_25000,1024.81,0,1,3,Medium Risk
4367.0,22173.61,1650.77,13484.42,Below_25000,1730.63,2,1,4,Low Risk
11189.0,0.0,4229.41,56365.63,Above_25000,589.19,2,0,2,Low Risk
12013.0,0.0,3952.78,45636.9,Above_25000,2044.92,3,1,4,Low Risk
19838.0,0.0,14543.0,101309.54,Above_25000,0.0,0,1,2,High Risk
29200.0,0.0,17536.28,66034.77,Above_25000,890.84,3,0,4,Medium Risk
22156.0,0.0,14490.83,87522.51,Above_25000,115.25,0,1,4,Medium Risk
6726.0,1134.94,2087.03,14356.34,Below_25000,1199.38,1,1,2,Low Risk
26616.0,28291.56,20892.36,59902.31,Above_25000,56.9,2,1,4,Low Risk
30723.0,0.0,22004.47,172839.91,Above_25000,0.0,3,1,4,Medium Risk
31665.0,4776.26,12861.36,80966.82,Above_25000,0.0,1,1,4,Low Risk
7806.0,16570.63,3051.46,32236.3,Above_25000,4996.77,1,0,3,Low Risk
5190.0,1422.47,2032.93,18914.34,Below_25000,0.0,3,1,2,Low Risk
12108.0,0.0,5474.28,41038.53,Above_25000,789.39,3,1,4,Medium Risk
15178.0,0.0,8535.78,84986.68,Above_25000,936.73,1,1,2,Medium Risk
5875.0,0.0,3031.34,12262.85,Below_25000,893.48,0,0,2,Medium Risk
34324.0,29142.56,15295.27,159783.67,Above_25000,0.0,1,1,2,Low Risk
8592.0,0.0,5206.12,50293.94,Above_25000,700.54,3,1,4,Medium Risk
20824.0,7807.08,7699.61,88307.77,Above_25000,94.19,1,0,4,Medium Risk
15592.0,29690.68,6955.16,89611.74,Above_25000,34.29,0,1,2,Low Risk
11927.0,0.0,5762.9,26347.12,Above_25000,5158.85,2,1,3,Low Risk
31144.0,13327.57,16445.12,114459.6,Above_25000,0.0,2,0,2,Medium Risk
34010.0,0.0,23554.92,103411.87,Above_25000,300.01,1,1,3,Medium Risk
25443.0,0.0,10173.05,125263.11,Above_25000,2002.51,0,1,2,Low Risk
17437.0,0.0,9714.45,103317.51,Above_25000,1424.62,2,0,2,High Risk
33681.0,21622.77,20080.86,101922.76,Above_25000,171.02,1,1,2,Low Risk
14530.0,21690.75,4696.46,67080.63,Above_25000,692.07,1,1,4,Medium Risk
10010.0,24108.55,6043.76,27951.83,Above_25000,977.44,0,1,3,Low Risk
14207.0,0.0,5473.42,60540.59,Above_25000,0.0,3,0,3,Medium Risk
26501.0,7005.72,8812.27,102180.7,Above_25000,148.14,1,0,2,Medium Risk
30465.0,9993.28,23593.4,179378.57,Above_25000,280.49,3,1,4,Medium Risk
28537.0,0.0,22339.22,126536.17,Above_25000,480.47,3,1,4,Medium Risk
5989.0,0.0,4217.45,20350.77,Below_25000,3295.23,2,1,3,Medium Risk
15040.0,0.0,6802.7,36944.0,Above_25000,166.65,3,1,4,Medium Risk
12218.0,0.0,4262.08,31827.74,Above_25000,0.0,0,1,3,Low Risk
25612.0,0.0,16445.89,74307.27,Above_25000,950.24,2,1,3,High Risk
31441.0,696.81,16351.72,94444.57,Above_25000,41.87,2,0,3,High Risk
9471.0,14511.95,3419.21,51166.74,Above_25000,760.94,2,0,4,Medium Risk
5863.0,0.0,3210.51,24887.8,Below_25000,0.0,1,1,3,Medium Risk
33145.0,0.0,10513.4,135681.17,Above_25000,349.7,1,1,3,Medium Risk
13693.0,29664.01,10333.56,33672.12,Above_25000,155.48,3,1,2,Low Risk
29523.0,5342.29,12676.88,160621.62,Above_25000,200.27,2,1,3,Medium Risk
34348.0,10526.92,21682.56,168004.9,Above_25000,981.07,2,0,3,Low Risk
34964.0,498.56,15938.53,79391.83,Above_25000,59.22,0,1,2,Medium Risk
4177.0,0.0,2339.26,20180.51,Below_25000,6624.44,3,1,2,Low Risk
7760.0,10629.51,4449.24,32391.43,Above_25000,2495.85,0,1,4,Low Risk
3011.0,15851.64,1181.6,7006.3,Below_25000,1345.55,3,0,3,Low Risk
24636.0,7112.82,19334.14,94434.78,Above_25000,83.99,3,1,4,Low Risk
19353.0,4993.81,13306.47,76227.31,Above_25000,0.0,1,1,4,Low Risk
23783.0,12620.21,18306.95,63336.46,Above_25000,3243.86,1,1,2,Very Low Risk
14556.0,5120.27,10879.35,84174.33,Above_25000,4307.13,0,1,4,Low Risk
30598.0,0.0,18326.67,165226.19,Above_25000,800.18,3,1,3,Low Risk
14563.0,28658.67,11081.53,68097.89,Above_25000,518.36,2,1,2,Low Risk
17051.0,24196.3,5869.74,65632.41,Above_25000,763.48,1,1,3,Low Risk
14022.0,6456.41,5580.64,51139.11,Above_25000,0.0,2,1,3,Low Risk
11234.0,28534.06,3624.24,51720.14,Above_25000,3528.12,0,1,2,Low Risk
28519.0,0.0,13194.75,119258.69,Above_25000,66.86,1,0,3,High Risk
29966.0,4649.16,14813.35,67396.3,Above_25000,0.0,1,0,2,Medium Risk
24829.0,0.0,10817.36,100557.71,Above_25000,1110.44,3,1,3,Medium Risk
19173.0,0.0,13696.59,100190.71,Above_25000,0.0,0,1,2,Medium Risk
30121.0,0.0,14409.18,115573.06,Above_25000,330.29,3,1,4,Medium Risk
29987.0,0.0,13208.29,66206.09,Above_25000,590.31,1,1,3,Medium Risk
16178.0,0.0,9243.27,83237.63,Above_25000,436.0,0,0,2,High Risk
9570.0,0.0,3545.32,26848.21,Above_25000,815.75,1,1,3,High Risk
28580.0,0.0,20037.39,86725.53,Above_25000,222.9,0,1,3,Medium Risk
27596.0,0.0,9307.45,73372.95,Above_25000,1383.64,1,1,3,Medium Risk
3406.0,0.0,2702.47,11310.85,Below_25000,942.06,2,1,2,Medium Risk
34338.0,12632.22,23560.07,172617.33,Above_25000,59.29,2,1,4,Medium Risk
12206.0,12958.18,4874.56,49770.5,Above_25000,90.13,3,1,4,Low Risk
7431.0,22789.57,2249.82,20951.89,Below_25000,0.0,2,1,4,Low Risk
29414.0,0.0,20817.19,162109.98,Above_25000,53455.87,1,1,2,Low Risk
30764.0,17659.38,20102.08,169765.82,Above_25000,341.46,1,1,4,Medium Risk
24627.0,0.0,16364.73,135012.94,Above_25000,112.25,2,1,2,Medium Risk
9542.0,11176.8,6542.33,28198.37,Above_25000,178.8,3,1,3,Low Risk
26320.0,25819.2,8870.43,100146.48,Above_25000,1105.07,2,1,3,Very Low Risk
33499.0,0.0,16053.82,198982.67,Above_25000,0.0,0,1,4,Medium Risk
11906.0,28053.69,4261.57,60578.32,Above_25000,195.88,0,1,2,Low Risk
7146.0,0.0,5227.67,15068.55,Below_25000,687.83,0,1,3,Medium Risk
15046.0,0.0,9202.87,34016.27,Above_25000,0.0,2,0,2,High Risk
15611.0,8704.05,7266.12,60191.73,Above_25000,1324.32,2,1,2,Medium Risk
16076.0,23884.11,5333.68,90618.5,Above_25000,228.22,2,1,3,Medium Risk
19524.0,3158.44,8893.01,81118.46,Above_25000,1634.8,0,1,2,Medium Risk
32141.0,16140.73,14868.16,128282.77,Above_25000,0.0,3,1,3,Medium Risk
7882.0,0.0,5239.98,19089.37,Below_25000,1301.81,1,1,3,Medium Risk
17113.0,0.0,10589.16,79183.91,Above_25000,338.35,2,0,3,Medium Risk
16645.0,0.0,12377.33,88025.63,Above_25000,1066.13,3,1,2,Medium Risk
9012.0,0.0,4831.4,31737.38,Above_25000,0.0,1,1,3,Medium Risk
20347.0,0.0,7320.79,103819.5,Above_25000,70.02,1,1,2,Medium Risk
10151.0,23039.42,6665.37,59463.61,Above_25000,0.0,1,1,3,Very Low Risk
27948.0,4606.94,19015.61,78675.46,Above_25000,0.0,3,1,3,Low Risk
31211.0,26171.63,18122.31,127756.56,Above_25000,601.56,3,1,4,Low Risk
30117.0,0.0,20644.71,94824.94,Above_25000,0.0,0,1,4,Medium Risk
6610.0,16132.03,3614.99,34183.07,Above_25000,563.85,3,0,4,Low Risk
12884.0,0.0,7232.64,55534.85,Above_25000,877.17,3,0,2,Low Risk
9894.0,27468.43,5083.25,44902.23,Above_25000,0.0,3,0,2,Medium Risk
16467.0,0.0,5149.39,85491.01,Above_25000,4.5,1,1,3,Medium Risk
34010.0,0.0,12037.69,121887.82,Above_25000,194.66,2,0,3,High Risk
33343.0,12027.22,10526.87,188733.39,Above_25000,60.75,0,1,3,Low Risk
26695.0,29761.01,16502.99,110306.82,Above_25000,347.86,2,0,3,Medium Risk
19489.0,0.0,8909.94,51291.53,Above_25000,61.74,2,1,2,High Risk
24923.0,0.0,13814.45,119221.57,Above_25000,58.18,3,1,3,Medium Risk
34389.0,5978.31,25921.85,177895.86,Above_25000,1288.03,0,1,3,Medium Risk
12873.0,20975.79,5466.47,42056.69,Above_25000,515.22,2,1,4,Low Risk
15289.0,17164.37,7723.87,82999.65,Above_25000,844.85,2,1,3,Medium Risk
15208.0,4060.4,10307.61,85538.51,Above_25000,171.42,0,1,3,Low Risk
13828.0,0.0,5730.31,42972.14,Above_25000,196.39,3,1,3,Medium Risk
26171.0,0.0,8858.62,155300.96,Above_25000,0.0,2,1,2,Medium Risk
5137.0,14448.29,2285.33,13165.34,Below_25000,188.6,1,0,4,Medium Risk
30992.0,12796.9,11795.89,87027.48,Above_25000,202.13,2,1,3,Low Risk
23829.0,24185.92,18225.58,65217.57,Above_25000,90.8,1,1,3,Low Risk
22914.0,12827.02,16132.84,127767.52,Above_25000,138.81,3,0,4,Low Risk
4286.0,0.0,2643.18,19789.19,Below_25000,540.39,2,0,3,Medium Risk
18710.0,0.0,13765.51,48803.48,Above_25000,0.0,0,1,2,Medium Risk
14371.0,17460.62,10086.09,54053.55,Above_25000,658.85,0,1,3,Low Risk
18945.0,0.0,7450.78,84517.28,Above_25000,38.29,2,1,2,Medium Risk
32734.0,6073.6,24428.71,76396.45,Above_25000,0.0,3,0,2,Medium Risk
10052.0,21297.4,5726.33,55584.2,Above_25000,360.15,3,0,3,Medium Risk
33878.0,3669.91,23840.63,176653.92,Above_25000,654.14,0,0,4,Medium Risk
6654.0,5279.52,4977.5,26754.58,Above_25000,0.0,2,1,2,Medium Risk
26486.0,28228.39,12157.12,155433.26,Above_25000,0.0,3,1,4,Low Risk
21743.0,0.0,7719.33,79819.51,Above_25000,438.97,0,1,3,Medium Risk
18600.0,9698.87,7699.8,110417.81,Above_25000,0.0,1,1,2,Low Risk
27489.0,0.0,14117.08,128419.81,Above_25000,217.73,2,1,3,High Risk
11636.0,0.0,8250.01,52812.14,Above_25000,1649.33,1,1,4,High Risk
9441.0,16770.01,6895.38,25149.12,Above_25000,0.0,1,1,3,Low Risk
24431.0,0.0,7414.22,135047.51,Above_25000,370.63,3,1,3,Medium Risk
27611.0,20172.23,15334.42,102435.67,Above_25000,119.7,3,0,2,Low Risk
24587.0,4697.5,12507.54,65129.33,Above_25000,638.04,3,1,3,Medium Risk
12667.0,22431.77,5206.82,25972.8,Above_25000,1610.72,2,1,3,Low Risk
15149.0,0.0,5452.62,64216.96,Above_25000,199.91,1,1,3,Low Risk
4798.0,0.0,2249.34,19717.85,Below_25000,0.0,2,1,2,Low Risk
29421.0,5180.49,22696.97,143498.41,Above_25000,0.0,3,1,4,Medium Risk
12600.0,11326.2,5816.18,70069.01,Above_25000,93.41,1,1,4,Low Risk
24675.0,25404.96,13803.08,57187.43,Above_25000,686.88,2,1,3,Low Risk
8495.0,0.0,5534.57,41846.25,Above_25000,836.09,2,1,2,Medium Risk
12900.0,0.0,6215.41,35470.46,Above_25000,91.82,0,0,3,Medium Risk
16673.0,0.0,13103.16,90579.54,Above_25000,0.0,2,1,4,Low Risk
34278.0,16170.84,26778.78,180859.44,Above_25000,0.0,3,1,2,Low Risk
14130.0,0.0,6017.84,58825.66,Above_25000,105.94,2,1,4,Medium Risk
25668.0,0.0,14082.09,124258.05,Above_25000,3189.89,1,1,4,Medium Risk
18222.0,5253.81,8207.9,59356.35,Above_25000,405.86,2,1,2,Low Risk
26669.0,0.0,11798.91,103600.31,Above_25000,0.0,0,0,2,Medium Risk
4300.0,0.0,1369.31,22732.15,Below_25000,4888.97,1,1,3,Low Risk
26253.0,0.0,15877.35,100734.36,Above_25000,1417.36,1,1,3,Low Risk
12435.0,7446.88,6855.91,42666.89,Above_25000,158.37,0,0,4,Low Risk
31552.0,10354.93,10277.73,125477.56,Above_25000,188.32,3,1,2,Low Risk
22481.0,4932.05,9876.43,119441.49,Above_25000,657.64,1,1,2,Low Risk
7616.0,0.0,5743.48,25443.78,Above_25000,647.37,3,1,3,Medium Risk
33478.0,0.0,14053.43,90224.76,Above_25000,380.81,1,1,4,Medium Risk
19393.0,0.0,7222.87,94018.35,Above_25000,140.43,1,1,4,Medium Risk
32655.0,0.0,17788.04,173199.27,Above_25000,0.0,3,1,3,Medium Risk
13617.0,0.0,10795.9,32715.52,Above_25000,389.22,1,1,2,Medium Risk
8752.0,0.0,3684.83,25901.51,Above_25000,37.4,3,1,3,High Risk
12852.0,21696.52,8174.74,33002.5,Above_25000,850.99,0,1,3,Very Low Risk
34401.0,12203.65,23420.54,116680.13,Above_25000,593.84,3,1,3,Medium Risk
30207.0,6926.97,12651.26,114829.01,Above_25000,99.1,0,1,3,Medium Risk
9295.0,0.0,6172.89,46431.36,Above_25000,0.0,1,1,2,High Risk
24199.0,10966.88,11709.69,111426.48,Above_25000,30.85,3,1,3,Low Risk
20456.0,29829.73,12604.02,91718.86,Above_25000,701.56,1,1,2,Low Risk
6225.0,0.0,3839.36,21224.14,Below_25000,1551.35,3,1,3,Medium Risk
32530.0,0.0,18473.38,174549.16,Above_25000,0.0,0,1,4,High Risk
4316.0,0.0,1489.65,16768.3,Below_25000,996.21,0,1,2,Medium Risk
25083.0,7530.57,18000.85,148401.56,Above_25000,1095.71,3,1,4,Low Risk
15337.0,0.0,7061.0,69577.35,Above_25000,0.0,0,0,3,High Risk
9807.0,25614.56,3856.69,24567.11,Below_25000,372.5,1,1,3,Low Risk
26058.0,17671.21,8348.66,122595.34,Above_25000,249.89,1,1,3,Low Risk
6683.0,0.0,3979.37,22056.68,Below_25000,2250.34,2,1,2,Low Risk
10227.0,10282.76,6532.83,48530.27,Above_25000,0.0,0,1,4,Low Risk
34910.0,0.0,10762.54,79544.69,Above_25000,2387.48,1,0,2,Low Risk
6273.0,0.0,3488.08,16934.13,Below_25000,1784.39,3,1,2,Medium Risk
26384.0,0.0,10903.13,143079.09,Above_25000,69.61,0,1,3,Medium Risk
3145.0,0.0,1958.03,9147.92,Below_25000,148.56,1,1,4,Medium Risk
8010.0,23414.0,3101.34,42838.8,Above_25000,25.46,0,0,3,Medium Risk
19035.0,2155.46,12286.5,59334.08,Above_25000,39.02,3,1,2,Medium Risk
6040.0,19576.11,2979.94,27612.03,Above_25000,26.9,1,1,3,Low Risk
12654.0,0.0,9722.89,60443.13,Above_25000,0.0,2,1,4,Medium Risk
33961.0,10045.61,12523.47,137563.07,Above_25000,282.33,2,1,3,Low Risk
32252.0,0.0,15175.64,103891.52,Above_25000,2350.14,0,1,4,Medium Risk
34406.0,23337.88,12273.88,98076.97,Above_25000,687.2,3,1,4,Medium Risk
29160.0,6577.76,22230.03,62191.21,Above_25000,1145.23,1,1,3,Medium Risk
19866.0,19570.09,14674.41,63884.8,Above_25000,0.0,3,1,2,Medium Risk
22563.0,24668.59,9678.87,104075.25,Above_25000,500.7,1,1,3,Low Risk
20633.0,29680.19,12998.63,118706.17,Above_25000,0.0,0,1,2,Low Risk
32344.0,20952.75,22919.32,177400.95,Above_25000,315.81,1,1,2,Medium Risk
20014.0,0.0,11560.09,101356.08,Above_25000,487.09,3,1,3,Medium Risk
17996.0,0.0,10164.6,92747.59,Above_25000,219.1,3,1,2,Low Risk
19336.0,0.0,8139.03,90104.59,Above_25000,64.9,0,0,2,Medium Risk
11853.0,17551.69,4107.67,36046.72,Above_25000,332.75,3,0,3,Low Risk
14695.0,24151.43,11000.79,82714.92,Above_25000,0.0,1,1,3,Low Risk
5852.0,0.0,4390.22,27404.5,Above_25000,1510.93,0,1,3,High Risk
19014.0,0.0,11723.1,80652.87,Above_25000,839.85,1,1,2,Medium Risk
30042.0,27794.65,14105.17,73421.38,Above_25000,3769.32,3,1,4,Low Risk
3987.0,0.0,1892.25,15103.64,Below_25000,124.53,0,1,2,Medium Risk
10622.0,0.0,7042.15,40803.7,Above_25000,51.46,1,1,4,Low Risk
26711.0,3309.53,19994.66,145795.43,Above_25000,40.87,3,1,3,Medium Risk
29122.0,15007.34,21653.47,121921.96,Above_25000,0.0,3,1,4,Medium Risk
28225.0,0.0,19473.49,99397.22,Above_25000,222.49,2,1,3,High Risk
12160.0,13056.51,7551.55,71831.57,Above_25000,42.55,3,1,3,Medium Risk
30213.0,0.0,10334.96,73806.81,Above_25000,0.0,1,1,4,Medium Risk
20484.0,0.0,7800.6,75589.93,Above_25000,244.43,0,1,3,High Risk
9652.0,0.0,7232.02,20926.49,Below_25000,97.62,2,1,4,Medium Risk
28016.0,0.0,16899.66,138948.62,Above_25000,0.0,3,1,3,Medium Risk
10421.0,0.0,3174.22,59111.1,Above_25000,326.34,3,1,2,Medium Risk
24400.0,25033.14,8557.95,76131.64,Above_25000,0.0,3,1,2,Medium Risk
3769.0,12428.75,2381.07,20478.36,Below_25000,772.48,1,1,3,Medium Risk
20727.0,19006.32,6270.56,65681.23,Above_25000,23734.57,2,1,3,Low Risk
17114.0,19932.75,6510.23,96575.68,Above_25000,298.27,1,1,4,Low Risk
7358.0,22403.92,4226.19,36906.61,Above_25000,90.17,2,1,2,Medium Risk
31305.0,9989.0,20221.39,163400.43,Above_25000,145.62,0,0,4,Low Risk
31482.0,8669.68,19707.12,65231.53,Above_25000,1780.61,1,0,3,Low Risk
29153.0,0.0,12014.96,170581.24,Above_25000,587.49,1,1,3,Medium Risk
26164.0,24562.63,17165.93,128378.48,Above_25000,0.0,0,1,4,Very Low Risk
34910.0,0.0,14614.18,112375.44,Above_25000,674.85,2,1,3,Low Risk
31584.0,9632.06,14613.91,167950.4,Above_25000,0.0,3,1,2,Low Risk
25986.0,24766.1,17494.96,81234.44,Above_25000,0.0,0,1,4,Medium Risk
32670.0,20608.52,20412.75,179391.47,Above_25000,701.74,3,1,2,Medium Risk
14543.0,0.0,10538.03,35635.03,Above_25000,2214.52,3,1,2,Medium Risk
32371.0,0.0,20355.09,155858.08,Above_25000,47.77,0,0,2,High Risk
21733.0,0.0,12695.43,90470.0,Above_25000,1025.78,2,1,4,Medium Risk
31178.0,22496.14,10813.7,74395.01,Above_25000,307.72,3,0,3,Low Risk
8699.0,0.0,4209.08,25814.94,Above_25000,72.02,0,1,2,Medium Risk
20625.0,0.0,8922.4,42273.33,Above_25000,99.67,1,1,2,High Risk
4125.0,0.0,1740.73,15984.67,Below_25000,118.58,1,1,2,Medium Risk
13793.0,0.0,10848.27,44207.41,Above_25000,0.0,1,1,3,Low Risk
34007.0,19242.58,16886.14,149407.37,Above_25000,76.65,0,1,3,Very Low Risk
28766.0,28199.92,21460.11,91733.37,Above_25000,0.0,1,0,4,Low Risk
9764.0,0.0,6010.42,31241.64,Above_25000,1712.78,3,1,3,Medium Risk
24485.0,1560.11,17075.98,121758.34,Above_25000,337.38,1,1,4,Low Risk
15323.0,0.0,8447.85,33596.77,Above_25000,295.96,1,1,4,Medium Risk
16031.0,7998.72,9433.47,89959.24,Above_25000,0.0,3,0,4,Low Risk
17052.0,0.0,9314.81,92235.21,Above_25000,192.43,1,1,4,Medium Risk
15640.0,21704.11,6218.8,73057.86,Above_25000,0.0,3,1,4,Low Risk
10843.0,0.0,7169.67,47415.21,Above_25000,17.54,1,1,2,Medium Risk
17210.0,0.0,7579.05,95846.1,Above_25000,225.77,3,1,3,High Risk
19456.0,0.0,6073.35,53335.14,Above_25000,0.0,1,1,2,Medium Risk
34367.0,0.0,21401.57,79589.73,Above_25000,957.36,3,0,4,Medium Risk
24856.0,12363.56,9657.93,73525.06,Above_25000,555.82,0,0,3,Medium Risk
13106.0,21476.14,10094.63,67866.97,Above_25000,0.0,3,1,2,High Risk
8189.0,9121.1,6362.56,17513.66,Below_25000,512.72,1,0,2,Medium Risk
5472.0,0.0,4144.67,23700.48,Below_25000,726.26,1,1,4,Medium Risk
30622.0,0.0,14854.1,183173.15,Above_25000,108.85,2,1,2,Medium Risk
20091.0,0.0,6182.57,108949.16,Above_25000,503.75,3,0,2,High Risk
21188.0,0.0,16191.01,86569.57,Above_25000,124.81,0,0,2,High Risk
9704.0,8617.12,4988.75,21878.29,Below_25000,1010.62,3,1,2,Low Risk
34547.0,0.0,27061.61,183979.84,Above_25000,97.35,3,1,2,Medium Risk
6713.0,0.0,5248.29,29509.77,Above_25000,0.0,0,0,4,High Risk
8051.0,19304.88,5849.09,19803.3,Below_25000,0.0,3,0,4,Low Risk
13756.0,1814.66,6152.02,32676.4,Above_25000,0.0,0,1,2,Medium Risk
5475.0,27834.26,2696.71,30870.83,Above_25000,422.98,0,1,4,Medium Risk
6610.0,0.0,4796.01,30913.65,Above_25000,8367.79,3,1,4,Low Risk
7255.0,0.0,3326.13,38575.9,Above_25000,3208.59,3,0,3,Low Risk
17484.0,7606.18,6726.91,96440.27,Above_25000,255.83,1,1,2,Medium Risk
30399.0,15413.65,17582.8,130323.23,Above_25000,739.08,1,1,4,Low Risk
26781.0,0.0,20569.88,108992.92,Above_25000,927.0,2,0,4,Medium Risk
4735.0,18378.81,3068.35,17622.3,Below_25000,0.0,2,1,2,Low Risk
29161.0,0.0,17060.08,95291.92,Above_25000,30.79,3,1,3,Medium Risk
11258.0,0.0,3924.41,42086.73,Above_25000,0.0,0,0,2,High Risk
30637.0,14114.82,18612.09,156111.4,Above_25000,869.57,2,1,3,Medium Risk
10979.0,0.0,8728.6,48392.07,Above_25000,0.0,3,1,2,Medium Risk
5428.0,0.0,2008.59,30234.47,Above_25000,75.87,2,1,2,High Risk
15345.0,0.0,8580.38,57904.67,Above_25000,15030.48,0,1,2,Low Risk
10426.0,0.0,7701.55,46170.06,Above_25000,944.36,3,1,2,Medium Risk
11533.0,0.0,7731.54,52189.48,Above_25000,1861.6,0,1,3,Medium Risk
8249.0,0.0,5349.54,36021.64,Above_25000,1635.1,3,1,3,Medium Risk
30350.0,0.0,19765.2,145999.74,Above_25000,503.3,2,1,4,Medium Risk
24675.0,8005.92,11837.72,72784.68,Above_25000,458.18,1,1,2,Medium Risk
22201.0,11538.91,9919.32,89901.95,Above_25000,1564.09,2,0,3,Low Risk
30237.0,4228.34,21307.43,73079.78,Above_25000,0.0,2,1,3,Medium Risk
28808.0,0.0,20311.27,101924.01,Above_25000,0.0,1,0,3,Low Risk
23258.0,24220.88,17060.58,91884.64,Above_25000,525.28,1,1,2,Medium Risk
29977.0,11177.29,22681.21,138160.91,Above_25000,980.05,3,0,4,Low Risk
12686.0,0.0,7049.24,73605.75,Above_25000,527.11,3,1,3,Medium Risk
17109.0,0.0,9422.92,75324.16,Above_25000,106.66,0,1,2,High Risk
23595.0,0.0,16496.39,117370.39,Above_25000,313.5,0,1,3,Medium Risk
3661.0,29545.88,2288.06,14735.76,Below_25000,2519.25,2,1,3,Medium Risk
15075.0,0.0,9813.58,68386.47,Above_25000,1060.34,1,1,4,Medium Risk
33137.0,0.0,23126.19,75675.92,Above_25000,0.0,0,0,3,High Risk
31195.0,0.0,23240.36,94132.98,Above_25000,1653.0,2,1,3,Low Risk
17788.0,21693.6,8342.53,61322.57,Above_25000,0.0,1,0,2,Very Low Risk
13060.0,0.0,6370.56,50803.05,Above_25000,38.9,3,1,2,Low Risk
18836.0,0.0,6535.92,41111.36,Above_25000,1437.82,2,1,4,Medium Risk
13526.0,0.0,7968.71,34627.86,Above_25000,312.66,3,1,2,Medium Risk
6374.0,25232.62,2026.75,19805.66,Below_25000,1136.49,0,1,2,Low Risk
28592.0,0.0,15233.79,168296.25,Above_25000,3296.38,0,1,4,Medium Risk
31982.0,10369.56,18272.03,106352.56,Above_25000,237.16,1,1,3,Low Risk
3207.0,3278.39,1421.57,12597.62,Below_25000,0.0,2,1,4,Medium Risk
5665.0,0.0,3373.04,15773.57,Below_25000,87.19,3,1,2,Medium Risk
21877.0,28666.12,6896.73,97202.14,Above_25000,390.44,1,1,4,Low Risk
26197.0,0.0,8348.31,81806.23,Above_25000,48.51,0,1,3,Medium Risk
3632.0,0.0,2583.44,10271.19,Below_25000,684.54,0,0,4,Medium Risk
29678.0,0.0,14248.27,120679.37,Above_25000,735.1,2,1,2,Medium Risk
30535.0,29145.31,11100.4,61742.48,Above_25000,0.0,3,1,2,Medium Risk
6083.0,20824.51,3413.3,12352.48,Below_25000,31.98,2,1,4,Low Risk
32328.0,0.0,22144.58,92984.23,Above_25000,2404.65,3,1,3,Low Risk
16711.0,0.0,6816.59,35876.6,Above_25000,0.0,3,1,4,Low Risk
13123.0,28907.18,8024.0,31916.49,Above_25000,205.32,2,1,3,Medium Risk
23103.0,28298.38,7916.79,77520.79,Above_25000,0.0,1,1,3,Medium Risk
10123.0,16735.07,3298.49,52744.3,Above_25000,0.0,2,0,4,Medium Risk
13754.0,6424.22,7780.33,58979.83,Above_25000,0.0,2,1,3,Medium Risk
4679.0,0.0,2668.52,18953.09,Below_25000,374.57,0,1,2,High Risk
18901.0,0.0,11694.33,59990.93,Above_25000,164.09,0,1,4,Medium Risk
3236.0,248.47,2145.62,18532.62,Below_25000,0.0,2,1,3,Medium Risk
10446.0,24684.38,8230.68,37480.88,Above_25000,0.0,2,1,2,Low Risk
7443.0,13943.92,4154.31,17478.93,Below_25000,109.3,0,1,4,Low Risk
26154.0,0.0,12069.5,116863.03,Above_25000,927.68,3,1,2,Medium Risk
18463.0,13029.2,12879.66,45333.19,Above_25000,100.73,2,0,2,Medium Risk
32301.0,0.0,14064.38,109206.21,Above_25000,0.0,1,1,2,Medium Risk
29116.0,6283.84,15125.35,117327.22,Above_25000,151.71,1,1,3,Low Risk
25483.0,0.0,8644.55,140077.25,Above_25000,12612.91,1,0,4,High Risk
31519.0,1322.9,9855.22,125262.38,Above_25000,1367.32,2,1,4,Medium Risk
32943.0,24340.48,25739.16,158424.04,Above_25000,302.45,3,1,3,Low Risk
11555.0,0.0,8296.38,68997.99,Above_25000,0.0,3,1,4,Medium Risk
21752.0,9356.4,14095.02,54944.61,Above_25000,881.0,0,1,2,Medium Risk
19669.0,3162.58,9922.55,60952.78,Above_25000,1847.22,2,1,4,Low Risk
3148.0,0.0,1217.17,11264.5,Below_25000,1025.87,3,1,3,Medium Risk
16395.0,0.0,6200.89,60453.49,Above_25000,169.39,2,1,2,Medium Risk
23421.0,0.0,9956.77,85348.1,Above_25000,3429.7,0,1,3,Low Risk
25933.0,10604.54,14901.45,146014.3,Above_25000,624.37,0,1,2,Low Risk
26505.0,25245.27,17421.68,128711.74,Above_25000,152.05,0,0,2,Low Risk
32127.0,759.69,20243.18,142374.68,Above_25000,11201.48,1,0,4,Low Risk
29342.0,0.0,12909.51,94994.46,Above_25000,1073.84,2,1,2,Low Risk
7895.0,0.0,6137.83,41805.3,Above_25000,743.84,0,1,3,Low Risk
24664.0,0.0,16498.94,143550.45,Above_25000,195.35,2,1,4,Low Risk
20396.0,0.0,11772.1,107788.64,Above_25000,382.56,1,1,3,Medium Risk
14023.0,0.0,8495.98,28133.79,Above_25000,119.07,1,0,2,Medium Risk
13699.0,0.0,6983.75,62270.25,Above_25000,532.56,0,1,3,Medium Risk
12715.0,0.0,5389.45,28030.75,Above_25000,0.0,0,1,3,Medium Risk
22169.0,15581.89,10596.48,67181.58,Above_25000,22.24,3,0,2,Medium Risk
30132.0,0.0,20457.31,67438.39,Above_25000,58.33,2,1,4,Medium Risk
23109.0,4862.11,7099.01,102030.44,Above_25000,102.93,0,1,3,Medium Risk
19163.0,16712.84,6861.05,90954.49,Above_25000,42.22,3,1,2,Low Risk
23960.0,4454.9,7739.11,58892.5,Above_25000,116.77,2,1,4,Very Low Risk
8782.0,0.0,2813.44,31047.49,Above_25000,3680.43,0,1,4,Low Risk
25641.0,0.0,18659.73,98075.44,Above_25000,2235.52,3,1,4,Medium Risk
34468.0,0.0,22467.24,119818.08,Above_25000,159.07,3,1,3,Low Risk
29177.0,15051.84,15670.58,72478.59,Above_25000,924.57,2,1,3,Low Risk
21792.0,0.0,7603.6,80102.84,Above_25000,71.83,3,1,3,Medium Risk
19724.0,20937.02,10765.52,98712.94,Above_25000,7588.08,2,1,4,Very Low Risk
5817.0,0.0,3122.19,13286.21,Below_25000,0.0,2,1,3,Medium Risk
33682.0,15653.97,13021.49,78166.49,Above_25000,0.0,2,1,2,Medium Risk
18096.0,14244.33,9354.29,61871.77,Above_25000,11485.78,1,0,3,Low Risk
34688.0,0.0,17318.07,200042.33,Above_25000,257.38,3,1,3,High Risk
21880.0,19627.28,13301.4,102273.48,Above_25000,8526.46,2,0,4,Low Risk
25346.0,0.0,15652.34,119498.27,Above_25000,1597.64,0,1,3,Medium Risk
32506.0,7674.15,10488.13,112070.28,Above_25000,628.6,1,0,2,Low Risk
8299.0,21017.07,4044.16,36305.16,Above_25000,25.69,1,1,4,Low Risk
12917.0,0.0,7917.22,26357.46,Above_25000,475.0,3,1,2,Medium Risk
26958.0,0.0,14869.17,122507.51,Above_25000,38.86,2,0,4,High Risk
21073.0,3526.19,15346.31,119128.78,Above_25000,245.29,3,1,4,Low Risk
6267.0,0.0,3944.12,27889.99,Above_25000,514.4,1,1,3,Medium Risk
7406.0,2783.64,2825.15,40694.45,Above_25000,0.0,2,0,2,Low Risk
27837.0,9060.93,9333.31,136286.95,Above_25000,163.23,0,1,4,Low Risk
20826.0,0.0,12937.31,51695.0,Above_25000,10203.06,2,1,3,Low Risk
27981.0,0.0,8765.21,156968.18,Above_25000,40.28,1,1,4,Medium Risk
13382.0,0.0,7934.02,30320.61,Above_25000,0.0,0,1,4,Medium Risk
7437.0,21680.52,5727.35,30758.46,Above_25000,0.0,2,1,4,Low Risk
8435.0,0.0,4957.56,21665.71,Below_25000,12.31,0,1,4,Medium Risk
34844.0,4641.62,17215.9,71319.62,Above_25000,68.71,0,0,4,Low Risk
27819.0,7080.75,17293.52,102600.28,Above_25000,812.02,1,1,4,Low Risk
32161.0,16373.5,17017.24,102277.22,Above_25000,1633.85,0,1,3,Low Risk
7107.0,13495.65,4070.95,28030.02,Above_25000,93.45,3,1,4,Low Risk
34982.0,0.0,26961.76,150730.43,Above_25000,0.0,1,1,2,Medium Risk
3560.0,0.0,1755.26,7742.84,Below_25000,859.81,3,1,3,Medium Risk
15329.0,8902.09,11965.75,38200.07,Above_25000,30.05,0,1,2,Low Risk
30301.0,0.0,22806.81,128311.69,Above_25000,307.21,3,1,4,Medium Risk
28169.0,0.0,11208.32,95004.72,Above_25000,283.46,2,0,2,Medium Risk
24932.0,0.0,8344.26,122583.01,Above_25000,5694.28,0,1,4,High Risk
4826.0,24553.84,1690.98,22243.84,Below_25000,900.15,2,1,4,Low Risk
14421.0,26216.39,4457.69,77619.84,Above_25000,414.97,3,1,3,Medium Risk
30863.0,2133.25,10716.3,147215.62,Above_25000,0.0,2,1,3,Very Low Risk
15265.0,0.0,9792.55,56781.59,Above_25000,0.0,0,1,4,High Risk
33365.0,4468.78,11197.1,156544.13,Above_25000,0.0,2,1,3,Low Risk
10629.0,10621.8,4883.9,32966.11,Above_25000,1186.23,3,1,2,Low Risk
11325.0,0.0,8181.61,36526.0,Above_25000,1462.67,3,1,3,Low Risk
22522.0,0.0,7018.67,116122.1,Above_25000,249.64,3,1,3,Medium Risk
31495.0,0.0,22274.34,119229.93,Above_25000,0.0,0,1,2,Medium Risk
34750.0,0.0,15322.23,180474.87,Above_25000,7549.3,3,1,3,Low Risk
32619.0,23610.5,11712.91,172544.38,Above_25000,551.03,0,1,4,Low Risk
10693.0,4175.52,6933.01,58065.66,Above_25000,296.66,2,0,2,Low Risk
11264.0,0.0,6921.41,63827.92,Above_25000,89.3,3,1,4,Medium Risk
15686.0,0.0,11587.81,58413.74,Above_25000,104.71,2,1,2,Medium Risk
16716.0,2818.23,11158.52,54752.71,Above_25000,465.77,1,1,4,High Risk
27226.0,0.0,19105.59,117855.77,Above_25000,157.44,2,1,4,Medium Risk
9721.0,0.0,4287.13,33874.67,Above_25000,989.8,1,1,3,Medium Risk
26386.0,10107.77,10256.76,116211.77,Above_25000,214.48,2,1,4,Medium Risk
23609.0,0.0,15943.33,113850.71,Above_25000,29829.11,0,1,3,High Risk
22362.0,0.0,15729.82,106300.45,Above_25000,571.36,2,1,2,Medium Risk
10373.0,0.0,8249.15,36286.95,Above_25000,37.74,0,1,4,Medium Risk
8907.0,0.0,4509.69,23758.9,Below_25000,535.92,0,1,4,Medium Risk
25481.0,7173.74,12384.0,94843.27,Above_25000,231.53,3,0,2,Medium Risk
19127.0,0.0,13163.33,49163.59,Above_25000,1183.19,0,1,2,Medium Risk
31937.0,17760.87,15023.22,177582.12,Above_25000,406.59,1,1,4,Medium Risk
8656.0,10737.38,6625.12,29287.66,Above_25000,751.53,3,1,2,Low Risk
29561.0,0.0,21556.07,77385.94,Above_25000,23606.89,3,1,3,Medium Risk
11984.0,0.0,6165.73,25187.86,Above_25000,293.41,2,0,2,Medium Risk
33972.0,0.0,22945.9,155703.51,Above_25000,0.0,0,1,2,High Risk
34541.0,28300.98,23393.63,157078.97,Above_25000,2123.29,0,1,4,Low Risk
32984.0,22666.17,11595.92,110905.95,Above_25000,0.0,1,0,3,Low Risk
23643.0,0.0,17762.43,54067.94,Above_25000,35.96,2,0,2,Medium Risk
11286.0,4086.6,6236.94,41064.29,Above_25000,1295.61,2,1,3,Medium Risk
8901.0,989.9,6348.45,28882.59,Above_25000,20.38,3,0,3,Medium Risk
34552.0,14787.55,15894.78,162687.49,Above_25000,5227.7,3,1,3,Low Risk
28709.0,13444.59,21467.49,126983.27,Above_25000,57.03,3,1,4,Low Risk
34055.0,0.0,16843.63,117774.96,Above_25000,7659.57,1,1,2,Low Risk
7917.0,5164.36,2418.0,22734.22,Below_25000,457.46,1,0,4,Medium Risk
11429.0,707.47,8602.51,68027.05,Above_25000,1497.05,3,1,2,Low Risk
17716.0,0.0,6123.42,67604.37,Above_25000,868.51,2,1,2,High Risk
18795.0,0.0,8639.25,89334.46,Above_25000,1733.78,1,1,4,Medium Risk
14138.0,1485.27,10957.39,36224.55,Above_25000,20.98,2,0,3,Medium Risk
5530.0,666.19,4287.43,21801.24,Below_25000,153.78,2,1,3,Low Risk
21344.0,0.0,12522.93,45038.97,Above_25000,742.96,0,1,2,Medium Risk
26429.0,11275.7,16278.11,106292.69,Above_25000,436.26,3,1,4,Medium Risk
20432.0,0.0,10710.92,119651.21,Above_25000,0.0,0,1,3,Low Risk
8772.0,0.0,3917.62,31025.05,Above_25000,538.02,3,1,3,Medium Risk
18476.0,0.0,8579.0,39833.96,Above_25000,289.78,3,1,2,High Risk
21913.0,0.0,13942.35,46539.34,Above_25000,0.0,2,1,2,Medium Risk
18751.0,0.0,12679.19,66602.56,Above_25000,3023.61,3,1,4,Medium Risk
5964.0,0.0,4149.69,15745.55,Below_25000,0.0,2,1,2,High Risk
10137.0,21738.93,7043.28,21220.88,Below_25000,6069.32,2,0,3,Low Risk
20347.0,0.0,7031.99,102240.71,Above_25000,842.61,3,1,3,Medium Risk
19920.0,0.0,10900.43,76375.11,Above_25000,99.36,2,0,3,Medium Risk
34822.0,23187.45,11448.76,109932.33,Above_25000,265.35,2,1,3,Low Risk
16891.0,0.0,9708.35,94595.22,Above_25000,0.0,2,1,4,Medium Risk
10340.0,15067.71,5384.71,25483.51,Above_25000,0.0,1,1,4,Low Risk
33651.0,0.0,25031.37,195972.5,Above_25000,55.21,2,1,2,Low Risk
26563.0,1829.67,12629.58,86485.59,Above_25000,689.14,1,1,2,Low Risk
10967.0,0.0,3932.04,60906.49,Above_25000,0.0,1,1,2,Medium Risk
15415.0,19449.07,5726.61,68007.46,Above_25000,0.0,2,1,4,Medium Risk
14871.0,0.0,10123.51,78917.86,Above_25000,1298.99,2,1,3,Medium Risk
31763.0,29314.14,19347.13,188546.84,Above_25000,303.23,1,0,2,Medium Risk
14916.0,3648.91,5228.97,47039.42,Above_25000,0.0,1,1,3,Medium Risk
11734.0,0.0,4013.65,68579.86,Above_25000,5369.72,2,1,2,Medium Risk
3845.0,0.0,2501.11,13680.23,Below_25000,0.0,2,1,2,High Risk
31179.0,0.0,10488.04,110437.5,Above_25000,196.44,3,1,2,High Risk
25161.0,0.0,17887.71,84579.92,Above_25000,898.29,1,1,2,Medium Risk
22420.0,0.0,14642.98,93393.43,Above_25000,18.45,1,1,2,High Risk
25331.0,0.0,8629.62,66280.59,Above_25000,326.94,3,1,3,Medium Risk
5494.0,0.0,1881.25,23156.36,Below_25000,207.19,1,1,2,Medium Risk
15677.0,0.0,12436.87,65323.23,Above_25000,0.0,0,0,3,Medium Risk
22103.0,0.0,10767.15,111567.26,Above_25000,329.58,1,1,4,Medium Risk
21268.0,0.0,10321.81,113456.27,Above_25000,0.0,3,1,2,Medium Risk
15330.0,16130.17,10829.11,57667.86,Above_25000,106.91,0,1,3,Low Risk
23733.0,0.0,18360.43,76167.1,Above_25000,7.11,2,1,4,Medium Risk
30777.0,17499.38,24406.18,93480.2,Above_25000,5058.83,3,1,4,Low Risk
8179.0,12666.17,5534.64,22725.31,Below_25000,474.68,3,1,4,Low Risk
30286.0,0.0,14783.5,67555.66,Above_25000,310.62,2,0,3,Medium Risk
9610.0,28929.43,3284.22,32383.7,Above_25000,1653.8,3,1,2,Low Risk
9430.0,0.0,6493.25,29053.74,Above_25000,0.0,1,1,2,Medium Risk
10154.0,14713.63,5881.22,59560.01,Above_25000,0.0,2,1,3,Medium Risk
16828.0,7454.72,8617.8,71196.5,Above_25000,0.0,3,0,2,Low Risk
13145.0,0.0,9900.51,44549.83,Above_25000,179.01,2,0,3,Low Risk
34497.0,0.0,12267.09,149091.56,Above_25000,486.31,2,1,2,Medium Risk
9488.0,27743.33,5183.41,24258.79,Below_25000,1100.63,2,1,4,Low Risk
24121.0,11896.14,7373.23,91085.12,Above_25000,0.0,0,1,2,Low Risk
25909.0,0.0,13843.96,116718.42,Above_25000,354.67,3,1,3,Low Risk
6850.0,0.0,2247.84,27095.8,Above_25000,0.0,0,1,3,Medium Risk
20073.0,17494.54,7214.42,72405.62,Above_25000,62.84,3,1,4,Medium Risk
16564.0,0.0,5942.55,98976.42,Above_25000,1231.89,1,0,3,Low Risk
29526.0,0.0,18442.09,163020.69,Above_25000,57.4,1,1,2,High Risk
24559.0,6262.41,16528.76,110358.91,Above_25000,181.61,1,1,2,Low Risk
33158.0,0.0,19619.07,141833.66,Above_25000,20.7,3,1,4,Medium Risk
28032.0,0.0,21895.41,125657.42,Above_25000,634.21,2,1,3,Medium Risk
8078.0,0.0,3937.5,22660.8,Below_25000,0.0,2,1,4,Low Risk
29706.0,27484.7,13155.48,106363.85,Above_25000,20.18,0,0,2,Low Risk
15168.0,0.0,11137.86,32730.09,Above_25000,496.45,0,1,4,High Risk
32794.0,0.0,13504.5,127968.23,Above_25000,1978.31,1,1,3,Medium Risk
31820.0,26142.34,24870.87,132756.17,Above_25000,0.0,0,1,4,Low Risk
8448.0,11541.27,2585.74,24592.12,Below_25000,692.29,3,1,3,Medium Risk
20563.0,0.0,16140.71,120419.3,Above_25000,1308.48,3,1,3,Medium Risk
31861.0,10794.24,10245.86,179626.53,Above_25000,137.19,0,1,2,Low Risk
31141.0,10962.12,23217.84,152235.05,Above_25000,475.47,0,1,2,Low Risk
12074.0,24202.37,6807.93,49908.44,Above_25000,10918.54,0,1,2,Low Risk
9406.0,9288.7,7491.71,51543.72,Above_25000,502.92,0,1,3,Low Risk
34823.0,0.0,11731.81,87844.83,Above_25000,115.18,1,1,4,Medium Risk
27975.0,16459.25,16139.54,144408.05,Above_25000,681.2,1,1,3,Low Risk
26291.0,0.0,20629.27,65708.66,Above_25000,0.0,0,1,2,Medium Risk
11800.0,0.0,6626.28,61086.74,Above_25000,381.37,3,0,2,High Risk
17083.0,0.0,10500.91,53009.75,Above_25000,0.0,1,1,4,Low Risk
4638.0,538.25,3004.84,25547.78,Above_25000,179.82,3,1,2,Low Risk
25055.0,1698.44,13210.76,144721.9,Above_25000,5.56,2,1,2,Low Risk
26312.0,0.0,16149.75,68284.48,Above_25000,311.12,3,1,2,Medium Risk
13340.0,0.0,7899.38,51368.37,Above_25000,844.62,0,1,4,Low Risk
4382.0,7349.13,3289.04,25958.75,Above_25000,5551.79,2,1,3,Medium Risk
4403.0,25722.66,1420.95,17319.77,Below_25000,0.0,1,1,2,Very Low Risk
12011.0,26486.25,5290.62,65510.28,Above_25000,0.0,1,1,4,Low Risk
6292.0,0.0,4877.59,27401.19,Above_25000,0.0,2,0,2,Medium Risk
12011.0,0.0,8949.78,42054.35,Above_25000,279.02,3,1,4,High Risk
3419.0,0.0,1804.65,10746.38,Below_25000,1521.92,1,1,2,Medium Risk
15411.0,0.0,9401.73,43349.48,Above_25000,318.02,0,1,4,Medium Risk
7517.0,20546.76,3297.64,37939.75,Above_25000,0.0,2,1,2,Medium Risk
22686.0,0.0,8939.66,80448.23,Above_25000,0.0,0,1,3,High Risk
27241.0,214.52,14488.1,110192.62,Above_25000,18412.49,2,1,2,Low Risk
18422.0,3414.11,8781.33,73122.48,Above_25000,43.1,1,1,4,Medium Risk
12700.0,10103.21,7516.22,54725.77,Above_25000,27.35,3,1,2,Low Risk
27254.0,0.0,9235.49,148869.76,Above_25000,98.99,2,1,3,Medium Risk
8693.0,24527.55,6843.11,51488.27,Above_25000,370.48,2,1,2,Low Risk
3767.0,0.0,2987.63,13675.48,Below_25000,182.81,0,0,4,High Risk
21428.0,0.0,13908.5,113784.3,Above_25000,2625.66,1,1,4,Medium Risk
17818.0,0.0,10121.48,90125.42,Above_25000,122.96,0,1,3,Medium Risk
34238.0,0.0,15570.2,147021.94,Above_25000,75.93,1,1,4,Medium Risk
33874.0,0.0,23945.45,197288.56,Above_25000,2998.27,0,0,2,Medium Risk
29715.0,0.0,19087.89,83258.4,Above_25000,0.0,2,1,2,Medium Risk
30605.0,0.0,11669.95,74586.12,Above_25000,0.0,0,0,2,Medium Risk
4549.0,0.0,3436.6,24636.69,Below_25000,0.0,3,1,4,Medium Risk
34174.0,0.0,24306.89,128378.02,Above_25000,2014.7,1,1,2,Medium Risk
12956.0,0.0,10039.6,69805.31,Above_25000,285.8,1,1,2,Medium Risk
9140.0,389.45,6058.54,50931.38,Above_25000,494.28,2,1,2,Low Risk
13837.0,15698.94,8395.01,31130.9,Above_25000,672.58,1,1,3,Low Risk
6716.0,0.0,3419.26,37165.4,Above_25000,3227.17,3,1,4,Medium Risk
32181.0,0.0,24662.37,122071.42,Above_25000,785.31,0,0,4,Medium Risk
32878.0,0.0,24100.62,132884.0,Above_25000,144.38,2,1,4,Medium Risk
7481.0,0.0,2413.44,33712.15,Above_25000,399.54,3,0,3,Medium Risk
33269.0,0.0,10419.3,189817.29,Above_25000,1117.18,1,1,4,Medium Risk
27282.0,22698.48,13319.94,56650.1,Above_25000,0.0,1,1,3,Low Risk
9548.0,21793.44,6733.98,37307.61,Above_25000,219.44,3,1,3,Medium Risk
21677.0,0.0,17203.69,102985.0,Above_25000,192.58,0,0,4,Medium Risk
7837.0,0.0,2940.51,38329.42,Above_25000,1265.89,0,1,2,Medium Risk
10758.0,0.0,6423.23,51317.06,Above_25000,107.22,2,1,2,Medium Risk
13900.0,0.0,6817.19,35274.59,Above_25000,156.45,1,1,4,Medium Risk
26177.0,0.0,20547.82,83703.11,Above_25000,419.26,3,1,4,Medium Risk
27022.0,17702.74,19484.47,92816.84,Above_25000,777.04,0,1,3,Low Risk
10993.0,0.0,7905.77,57358.71,Above_25000,1859.71,2,1,4,Medium Risk
25391.0,9142.46,13567.59,79093.97,Above_25000,516.09,1,1,3,Very Low Risk
8542.0,0.0,4334.29,24283.37,Below_25000,0.0,1,1,4,Medium Risk
28476.0,0.0,12435.57,166009.16,Above_25000,952.44,2,1,2,Medium Risk
33784.0,7539.67,11087.49,68765.75,Above_25000,40.48,2,1,2,Low Risk
30660.0,0.0,22454.19,183692.75,Above_25000,454.4,0,0,4,High Risk
25740.0,19781.86,18184.04,121165.52,Above_25000,4535.76,3,1,3,Very Low Risk
29585.0,21814.57,23663.82,157211.06,Above_25000,1304.87,1,1,2,Low Risk
27817.0,324.66,22206.82,88415.71,Above_25000,388.33,3,1,3,Low Risk
17828.0,0.0,10299.52,36676.85,Above_25000,1216.13,1,0,4,Medium Risk
26764.0,0.0,18319.79,132521.36,Above_25000,0.0,1,0,4,Medium Risk
19052.0,0.0,14715.44,101672.49,Above_25000,772.89,3,1,2,Low Risk
5385.0,0.0,3903.18,26719.86,Above_25000,383.22,2,0,4,Medium Risk
17308.0,10708.47,7332.95,44505.81,Above_25000,471.02,0,1,2,Low Risk
23652.0,0.0,12423.73,118584.31,Above_25000,231.9,1,0,3,Medium Risk
3671.0,0.0,1338.37,18632.86,Below_25000,3313.02,2,1,2,Low Risk
3163.0,0.0,2457.73,14657.85,Below_25000,192.2,1,1,2,Low Risk
11656.0,23642.44,7029.59,59031.39,Above_25000,81.69,0,0,3,Low Risk
14234.0,17216.65,5897.45,76631.38,Above_25000,0.0,1,1,2,Medium Risk
23976.0,19773.23,15245.15,106799.09,Above_25000,15.94,0,1,2,Low Risk
7795.0,0.0,4747.65,18352.69,Below_25000,559.93,0,0,4,Medium Risk
13634.0,17688.26,6531.8,53861.27,Above_25000,124.51,1,1,3,Low Risk
7798.0,482.76,2782.16,18018.04,Below_25000,57.18,1,0,2,Low Risk
25420.0,0.0,16161.7,92278.98,Above_25000,0.0,0,1,3,Medium Risk
21739.0,27500.99,12177.18,78878.35,Above_25000,0.0,2,1,3,Low Risk
25271.0,0.0,17339.93,57214.54,Above_25000,0.0,3,1,2,High Risk
31854.0,3364.75,17840.84,108153.32,Above_25000,493.18,0,1,4,Medium Risk
32300.0,0.0,23452.73,78940.95,Above_25000,2339.05,1,1,3,Low Risk
27345.0,0.0,15749.45,143094.77,Above_25000,1387.59,1,0,2,Medium Risk
13749.0,2198.4,7980.87,79617.05,Above_25000,476.85,2,1,3,Low Risk
8827.0,25626.21,6517.21,20207.35,Below_25000,92.08,3,1,4,Low Risk
28121.0,21351.4,14109.47,163677.18,Above_25000,177.6,0,1,4,Low Risk
33259.0,24144.75,12206.31,136039.5,Above_25000,421.14,0,1,4,Low Risk
7719.0,23883.8,2426.79,24687.39,Below_25000,1183.71,3,0,2,Medium Risk
31411.0,0.0,21283.11,72479.26,Above_25000,672.72,0,1,2,High Risk
3593.0,0.0,2192.29,14380.97,Below_25000,159.59,3,1,4,Medium Risk
24223.0,0.0,15794.36,125428.2,Above_25000,736.13,1,1,2,Medium Risk
10394.0,0.0,4224.97,50185.83,Above_25000,5211.69,3,1,4,Medium Risk
17056.0,15718.85,6279.78,37538.62,Above_25000,625.05,0,1,2,Low Risk
31380.0,0.0,9642.21,71910.64,Above_25000,1016.75,3,1,4,Medium Risk
29035.0,10698.67,13800.15,104859.7,Above_25000,0.0,2,1,3,Low Risk
33620.0,0.0,20002.52,106950.67,Above_25000,302.54,1,0,4,High Risk
22877.0,0.0,11349.78,67019.02,Above_25000,32.1,1,1,4,Medium Risk
30177.0,0.0,15653.94,94273.49,Above_25000,0.0,3,1,2,Medium Risk
25548.0,0.0,19214.12,133205.51,Above_25000,6.44,0,0,2,Medium Risk
34273.0,18710.05,16249.78,195935.73,Above_25000,41.09,2,1,2,Low Risk
13636.0,26384.29,7595.18,49367.92,Above_25000,667.68,1,0,2,Low Risk
22056.0,2824.84,15258.93,124052.74,Above_25000,91.55,1,1,2,Low Risk
23584.0,28822.4,11751.23,77496.62,Above_25000,20.66,0,1,2,Low Risk
33911.0,6233.49,20721.09,132447.82,Above_25000,0.0,0,1,3,Low Risk
3016.0,28096.39,2205.24,8758.81,Below_25000,40.02,2,0,4,Medium Risk
6191.0,0.0,4796.54,28242.75,Above_25000,1953.13,3,1,4,High Risk
3392.0,0.0,1267.04,20066.82,Below_25000,820.47,0,1,4,Low Risk
28000.0,0.0,21372.23,123591.23,Above_25000,6256.04,3,1,3,Medium Risk
9272.0,6493.14,5063.05,31814.61,Above_25000,725.48,2,0,4,Medium Risk
34873.0,0.0,14964.78,160111.35,Above_25000,6835.46,3,1,3,Medium Risk
19955.0,0.0,10567.53,49721.53,Above_25000,94.66,1,1,3,Low Risk
6631.0,0.0,5238.6,36832.79,Above_25000,162.81,3,1,3,Medium Risk
9172.0,17425.22,5010.75,36801.14,Above_25000,625.59,2,1,4,Medium Risk
12312.0,23325.87,5717.39,46753.58,Above_25000,0.0,2,1,3,Medium Risk
26561.0,0.0,16380.18,115366.62,Above_25000,501.6,2,1,4,High Risk
27817.0,0.0,11685.17,125152.45,Above_25000,385.83,3,1,4,Medium Risk
23281.0,0.0,7867.39,53246.05,Above_25000,295.72,1,0,2,Medium Risk
31671.0,17853.76,11542.17,149818.68,Above_25000,98.88,0,0,2,Medium Risk
27507.0,0.0,10013.18,81633.26,Above_25000,134.31,1,1,3,Low Risk
21663.0,0.0,8144.23,105191.42,Above_25000,105.6,3,1,3,Medium Risk
28364.0,139.02,10478.05,150049.51,Above_25000,92.52,3,0,4,Medium Risk
26835.0,0.0,16649.44,139966.91,Above_25000,0.0,0,1,3,Medium Risk
11906.0,28889.75,4654.53,50124.31,Above_25000,137.66,3,1,3,Low Risk
32430.0,2960.15,15333.99,132336.44,Above_25000,0.0,2,1,4,Medium Risk
30425.0,7003.46,22769.89,78238.0,Above_25000,3295.61,2,1,3,Low Risk
20159.0,0.0,10825.0,102838.81,Above_25000,0.0,2,1,3,High Risk
31602.0,25736.39,20028.68,97512.32,Above_25000,1358.05,2,1,4,Low Risk
26253.0,2916.1,10137.86,104664.98,Above_25000,2170.89,2,0,4,Medium Risk
21631.0,0.0,8569.0,67858.53,Above_25000,4747.07,3,1,2,Low Risk
26472.0,0.0,8482.54,67114.82,Above_25000,396.22,0,1,4,Low Risk
19462.0,17919.06,7482.51,87933.81,Above_25000,608.34,0,1,2,Low Risk
11080.0,0.0,4867.39,24568.0,Below_25000,186.04,2,1,3,Medium Risk
10099.0,28728.45,3923.51,50440.27,Above_25000,114.62,3,1,4,Low Risk
23310.0,0.0,8026.83,76231.79,Above_25000,0.0,1,1,4,Medium Risk
28431.0,0.0,10244.2,56877.32,Above_25000,88.25,1,0,4,Medium Risk
26724.0,0.0,14174.13,108085.66,Above_25000,0.0,3,1,3,Medium Risk
34186.0,0.0,13782.66,74778.72,Above_25000,544.38,2,1,2,Medium Risk
17916.0,0.0,8637.93,55623.42,Above_25000,72.81,0,1,3,High Risk
33111.0,22463.63,18267.62,159856.79,Above_25000,93.85,3,1,3,Medium Risk
10083.0,0.0,6505.53,22694.4,Below_25000,0.0,1,1,4,Low Risk
34168.0,0.0,10922.01,183050.07,Above_25000,143.95,1,1,2,Medium Risk
25614.0,0.0,17922.25,51619.37,Above_25000,443.04,1,0,3,Medium Risk
29724.0,5650.61,18249.06,88794.37,Above_25000,436.35,2,1,4,Low Risk
12223.0,0.0,4166.57,60670.28,Above_25000,0.0,1,1,3,High Risk
7940.0,5360.92,5850.11,25924.74,Above_25000,277.3,3,1,3,Low Risk
22655.0,25350.78,17227.68,54543.49,Above_25000,406.76,3,0,4,Medium Risk
31152.0,19715.67,10296.95,107192.03,Above_25000,0.0,1,1,4,Low Risk
31758.0,13393.02,13923.94,97864.6,Above_25000,235.45,3,0,2,Medium Risk
33762.0,0.0,23738.08,181330.56,Above_25000,326.74,1,1,3,Medium Risk
6456.0,0.0,4352.18,21003.9,Below_25000,57.77,1,1,4,Medium Risk
10788.0,12862.18,4231.71,55620.01,Above_25000,817.02,0,1,4,Low Risk
31082.0,18581.15,12578.1,173048.68,Above_25000,366.89,2,0,2,Low Risk
27983.0,0.0,13578.36,104524.05,Above_25000,182.12,2,1,2,Low Risk
27034.0,0.0,14659.5,152465.61,Above_25000,68.83,0,1,4,Medium Risk
5711.0,0.0,3478.73,20041.45,Below_25000,680.42,0,1,2,High Risk
14280.0,0.0,6918.04,83628.16,Above_25000,78.53,2,1,4,High Risk
21052.0,0.0,11184.24,49622.89,Above_25000,0.0,1,1,3,Medium Risk
19531.0,0.0,13158.73,92734.69,Above_25000,5927.0,1,1,2,Low Risk
25804.0,16682.5,8214.49,102577.51,Above_25000,2270.46,2,1,3,Low Risk
31903.0,0.0,13597.65,113274.64,Above_25000,422.13,1,1,3,Low Risk
15089.0,4902.99,9908.57,68365.96,Above_25000,1028.98,0,1,3,Low Risk
13142.0,0.0,9825.0,63284.36,Above_25000,0.0,1,1,4,Low Risk
19749.0,0.0,10977.26,39842.68,Above_25000,56.22,1,1,3,Medium Risk
18587.0,6293.59,10521.3,49586.63,Above_25000,492.38,3,1,3,Low Risk
12866.0,0.0,4549.24,62428.2,Above_25000,0.0,3,0,3,Medium Risk
7531.0,0.0,3944.03,35136.19,Above_25000,51.53,3,0,4,Medium Risk
15686.0,0.0,8883.12,91985.68,Above_25000,31.02,1,1,3,High Risk
8330.0,6490.26,3508.89,42017.78,Above_25000,257.26,2,1,3,Medium Risk
8510.0,29342.76,3698.63,49384.3,Above_25000,1789.48,0,1,2,Very Low Risk
30122.0,29022.79,14718.88,144891.7,Above_25000,0.0,1,1,4,Low Risk
34259.0,368.81,10621.51,109361.88,Above_25000,297.11,2,1,3,Low Risk
28138.0,0.0,12972.73,68135.03,Above_25000,0.0,1,0,2,Medium Risk
31138.0,0.0,12633.43,159653.73,Above_25000,0.0,0,1,4,Medium Risk
30065.0,0.0,13942.6,137595.39,Above_25000,208.55,1,1,4,Medium Risk
32956.0,18211.89,11860.24,72264.07,Above_25000,2644.2,0,0,4,Low Risk
11964.0,0.0,8916.33,41158.58,Above_25000,0.0,1,1,4,Medium Risk
9493.0,2899.91,5665.39,55317.6,Above_25000,1930.89,0,0,4,Medium Risk
29613.0,0.0,18939.03,118499.52,Above_25000,1280.71,1,1,4,High Risk
30999.0,0.0,21531.46,115654.68,Above_25000,4111.04,0,1,3,Low Risk
13759.0,0.0,7556.73,52707.96,Above_25000,0.0,3,1,3,Medium Risk
8439.0,9298.98,2898.46,23929.05,Below_25000,23973.02,1,0,3,Low Risk
17473.0,0.0,9934.33,60715.68,Above_25000,18.45,1,1,3,Medium Risk
12765.0,19452.26,7575.01,44412.66,Above_25000,0.0,2,1,2,Medium Risk
31270.0,0.0,21035.95,69088.57,Above_25000,0.0,2,1,3,Medium Risk
16279.0,21262.48,8397.19,82538.93,Above_25000,0.0,0,1,4,Medium Risk
9511.0,1177.82,3460.01,34867.49,Above_25000,0.0,1,1,3,Low Risk
14483.0,15493.43,6399.86,76596.53,Above_25000,82.29,0,1,3,Low Risk
26888.0,0.0,12947.68,145232.63,Above_25000,3156.45,3,0,4,Low Risk
20630.0,0.0,12851.64,58753.75,Above_25000,279.75,2,1,3,Medium Risk
31295.0,0.0,18319.75,144877.51,Above_25000,1050.69,0,0,3,Medium Risk
23223.0,0.0,11101.72,90317.2,Above_25000,200.5,0,1,3,Medium Risk
27935.0,26925.3,22159.65,154218.71,Above_25000,97.07,2,1,2,Medium Risk
32592.0,0.0,19649.31,93309.68,Above_25000,1540.65,1,1,3,Medium Risk
5376.0,29414.22,2250.47,25327.7,Above_25000,521.65,0,0,4,Medium Risk
22393.0,0.0,7857.51,99223.57,Above_25000,555.9,2,1,4,Medium Risk
34182.0,214.76,12867.12,108739.98,Above_25000,165.15,1,1,3,Medium Risk
30569.0,3234.99,12930.04,77841.01,Above_25000,315.64,3,1,3,Medium Risk
28538.0,10653.35,10854.16,131461.98,Above_25000,0.0,2,1,3,Medium Risk
14824.0,0.0,5830.03,73443.87,Above_25000,0.0,0,1,4,Low Risk
21211.0,0.0,9386.88,69201.09,Above_25000,422.93,3,1,4,Medium Risk
9979.0,0.0,3858.75,45697.14,Above_25000,1026.62,1,0,2,Medium Risk
29189.0,22283.52,21844.54,104511.9,Above_25000,0.0,1,1,2,Medium Risk
12832.0,0.0,4364.38,62271.48,Above_25000,0.0,2,1,2,Low Risk
29792.0,5618.17,16750.72,83324.09,Above_25000,0.0,2,1,4,Low Risk
15504.0,0.0,7832.6,86215.57,Above_25000,686.76,2,1,2,Medium Risk
27953.0,21380.75,22116.11,88041.84,Above_25000,964.59,1,1,3,Low Risk
31790.0,0.0,11317.86,110347.67,Above_25000,115.16,3,1,3,High Risk
23669.0,25140.79,11809.12,52837.91,Above_25000,239.97,1,1,4,Medium Risk
9910.0,0.0,7776.73,24240.34,Below_25000,945.83,0,1,2,High Risk
27945.0,0.0,20476.8,113553.04,Above_25000,40.18,1,1,3,High Risk
17089.0,6536.64,12108.17,52469.57,Above_25000,768.42,0,1,4,Low Risk
5196.0,0.0,2228.83,27756.62,Above_25000,49.05,3,0,2,High Risk
23131.0,26354.3,8915.7,47621.49,Above_25000,0.0,2,1,3,Low Risk
28227.0,0.0,17905.0,99256.75,Above_25000,77.44,2,0,2,High Risk
8978.0,18662.89,6865.37,30070.75,Above_25000,814.29,1,0,4,Low Risk
24991.0,1947.36,14454.33,51914.07,Above_25000,21448.02,2,1,2,Medium Risk
20153.0,16575.16,11805.76,50331.59,Above_25000,0.0,3,1,4,Low Risk
29997.0,0.0,13198.37,109626.16,Above_25000,446.21,2,1,2,High Risk
3780.0,0.0,2588.34,15012.11,Below_25000,1768.9,1,1,3,Medium Risk
12908.0,11033.87,5079.58,46690.29,Above_25000,870.55,3,1,4,Low Risk
9303.0,0.0,4296.49,38363.25,Above_25000,145.64,0,1,4,Low Risk
17686.0,11833.3,9067.93,77474.0,Above_25000,0.0,1,1,4,Low Risk
6983.0,0.0,3867.22,14243.19,Below_25000,0.0,0,1,2,Medium Risk
12503.0,22709.33,5266.32,48216.33,Above_25000,327.66,3,1,2,Medium Risk
30935.0,0.0,11056.74,181093.4,Above_25000,106.22,1,1,3,High Risk
34611.0,0.0,20950.39,141078.9,Above_25000,0.0,1,1,4,Low Risk
32921.0,0.0,14627.3,155063.48,Above_25000,627.56,3,1,4,Low Risk
28098.0,0.0,16595.22,91247.0,Above_25000,0.0,2,1,2,Low Risk
19905.0,26185.0,7507.79,101435.19,Above_25000,661.4,1,1,2,Medium Risk
16070.0,0.0,8686.96,81823.39,Above_25000,0.0,1,0,3,Medium Risk
29896.0,7016.65,16929.95,122130.67,Above_25000,640.7,0,1,3,Low Risk
28511.0,0.0,9292.07,168330.52,Above_25000,1285.12,2,1,2,Medium Risk
26953.0,13960.83,12622.15,67441.82,Above_25000,0.0,0,0,4,Medium Risk
29806.0,18103.9,10944.98,61632.57,Above_25000,0.0,0,1,3,Medium Risk
15232.0,0.0,5052.26,77388.2,Above_25000,29.77,2,0,2,Medium Risk
25168.0,0.0,20008.06,131593.96,Above_25000,1262.02,2,1,2,Medium Risk
7583.0,21171.07,3497.1,18812.13,Below_25000,0.0,3,1,4,Medium Risk
8946.0,0.0,6306.37,27395.62,Above_25000,2155.16,2,1,2,Low Risk
24325.0,0.0,10394.57,50357.84,Above_25000,44.46,1,0,2,Medium Risk
25651.0,0.0,16435.91,81396.64,Above_25000,0.0,2,1,3,Medium Risk
19377.0,16608.18,13178.57,98678.68,Above_25000,335.34,3,1,2,Low Risk
10128.0,1211.15,6054.71,41239.62,Above_25000,474.87,3,1,2,Low Risk
14889.0,0.0,7977.35,50509.18,Above_25000,0.0,3,1,3,Medium Risk
30413.0,0.0,15386.56,106048.83,Above_25000,1939.73,2,0,4,Low Risk
15275.0,0.0,7246.98,30632.71,Above_25000,374.18,2,1,4,Medium Risk
5461.0,5630.5,4176.38,17470.84,Below_25000,1248.83,0,1,3,Medium Risk
17291.0,0.0,12368.42,79293.67,Above_25000,0.0,0,1,3,Medium Risk
17036.0,27249.72,13330.9,100457.51,Above_25000,245.26,1,1,4,Low Risk
14435.0,28151.27,5227.62,77779.29,Above_25000,0.0,0,1,4,Low Risk
30935.0,23003.69,20585.19,64789.64,Above_25000,0.0,1,1,4,Low Risk
3685.0,6660.76,2834.39,20614.78,Below_25000,3584.32,3,1,4,Low Risk
21544.0,0.0,8415.44,110580.91,Above_25000,98.82,0,1,4,High Risk
26415.0,0.0,8802.75,135284.54,Above_25000,1539.67,2,1,3,Low Risk
31564.0,0.0,21165.57,120952.71,Above_25000,0.0,0,0,2,Medium Risk
15258.0,0.0,8960.06,54807.06,Above_25000,0.0,1,1,4,Medium Risk
33841.0,0.0,24396.46,108685.88,Above_25000,109.87,0,1,4,Medium Risk
29143.0,8860.71,10779.59,65944.18,Above_25000,501.25,3,0,2,Low Risk
24725.0,0.0,17248.99,72022.48,Above_25000,0.0,2,1,2,Medium Risk
18990.0,0.0,7611.45,56712.01,Above_25000,1292.32,1,1,2,Medium Risk
19422.0,0.0,7415.86,76450.98,Above_25000,483.6,2,1,2,Medium Risk
13736.0,0.0,5248.98,68539.59,Above_25000,1380.86,2,0,2,Medium Risk
7875.0,0.0,5569.89,30675.01,Above_25000,1059.28,1,1,2,Medium Risk
20640.0,10331.51,13056.84,46055.64,Above_25000,257.34,2,1,3,Medium Risk
14182.0,0.0,7963.66,82697.5,Above_25000,535.28,2,1,2,Low Risk
27081.0,12069.87,12983.04,156281.67,Above_25000,1516.21,0,1,2,Low Risk
5196.0,0.0,3837.77,26711.38,Above_25000,6593.64,2,1,3,Low Risk
31044.0,0.0,15404.73,185187.13,Above_25000,924.86,2,0,2,Medium Risk
10165.0,0.0,7199.87,42468.65,Above_25000,71.68,2,1,4,Medium Risk
30284.0,0.0,15734.58,177193.91,Above_25000,737.32,2,1,4,Medium Risk
18997.0,14727.84,9279.51,43739.08,Above_25000,6417.95,1,1,2,Very Low Risk
17215.0,0.0,9147.02,59610.78,Above_25000,0.0,3,1,3,Medium Risk
3301.0,0.0,1487.72,9577.93,Below_25000,56.61,0,1,4,High Risk
26911.0,5441.76,18132.76,74902.26,Above_25000,862.69,2,1,3,Very Low Risk
25765.0,218.77,14205.8,66041.15,Above_25000,441.71,2,1,4,Medium Risk
20030.0,0.0,8334.61,89927.78,Above_25000,459.79,1,0,2,Medium Risk
32334.0,18876.48,24243.62,165721.04,Above_25000,0.0,3,1,3,Low Risk
17571.0,14312.23,8643.98,75787.12,Above_25000,0.0,2,1,3,Low Risk
12951.0,0.0,7405.08,33515.26,Above_25000,138.94,1,0,3,High Risk
33922.0,11076.23,25551.27,177903.76,Above_25000,624.08,0,1,4,Medium Risk
31927.0,21676.58,19543.12,145070.5,Above_25000,1180.69,0,1,4,Low Risk
28173.0,0.0,10098.58,100089.17,Above_25000,237.12,2,1,4,Medium Risk
28237.0,0.0,21740.12,132615.67,Above_25000,0.0,2,1,2,Low Risk
23714.0,20313.98,14556.93,72081.55,Above_25000,0.0,3,1,4,Medium Risk
28944.0,0.0,13529.95,97852.97,Above_25000,1274.65,3,1,2,Medium Risk
13773.0,24729.06,5091.0,78092.13,Above_25000,0.0,2,1,3,Medium Risk
26387.0,0.0,18392.07,83436.17,Above_25000,504.32,1,1,3,Medium Risk
31444.0,13480.48,19181.98,122001.24,Above_25000,684.23,3,1,2,Low Risk
19140.0,16814.51,10847.22,106429.21,Above_25000,0.0,2,1,4,Low Risk
22921.0,0.0,17120.76,110728.72,Above_25000,70.38,3,0,2,High Risk
16057.0,23552.16,11148.35,36109.19,Above_25000,2717.03,2,0,3,Low Risk
34260.0,0.0,12876.19,88706.41,Above_25000,0.0,0,0,3,Medium Risk
15500.0,22155.03,7065.85,31486.18,Above_25000,19.74,2,1,2,Medium Risk
23942.0,22047.69,10157.26,108306.12,Above_25000,0.0,0,1,4,Low Risk
25963.0,0.0,17446.44,98417.78,Above_25000,4395.59,3,1,4,Medium Risk
27858.0,3375.68,8824.47,70678.52,Above_25000,2460.58,2,1,2,Medium Risk
18921.0,0.0,11067.74,110342.29,Above_25000,609.7,3,1,2,Medium Risk
14870.0,0.0,10129.88,61244.16,Above_25000,1437.65,0,0,4,Medium Risk
29062.0,11985.7,21458.88,86243.61,Above_25000,0.0,2,0,3,Low Risk
7082.0,0.0,3335.91,28345.1,Above_25000,478.68,3,1,2,Medium Risk
16718.0,0.0,11880.29,78883.57,Above_25000,1980.81,0,1,4,Medium Risk
23567.0,0.0,8373.73,54320.92,Above_25000,122.49,3,1,4,Medium Risk
32739.0,3159.96,23677.7,101452.11,Above_25000,0.0,1,1,3,Medium Risk
28036.0,0.0,10197.94,146568.34,Above_25000,414.02,0,0,3,Medium Risk
13517.0,0.0,6740.17,51887.16,Above_25000,1223.68,0,1,3,Medium Risk
6754.0,0.0,4718.67,28274.33,Above_25000,0.0,0,1,3,Medium Risk
30044.0,14016.32,11265.26,112102.1,Above_25000,348.16,2,1,3,Low Risk
4724.0,19634.58,1958.69,10277.53,Below_25000,116.8,2,1,2,Very Low Risk
4376.0,28831.0,2893.09,11653.28,Below_25000,10323.01,2,1,4,Low Risk
30319.0,8068.92,20011.09,114671.51,Above_25000,303.32,1,1,2,Medium Risk
11706.0,7921.4,7264.44,33206.9,Above_25000,89.41,1,0,2,Low Risk
11894.0,17047.73,7695.11,26165.8,Above_25000,961.99,0,1,2,Low Risk
21037.0,0.0,12019.75,113065.43,Above_25000,0.0,1,1,2,Medium Risk
21450.0,8388.64,9135.54,127086.32,Above_25000,464.01,3,1,2,Low Risk
19406.0,3774.76,9176.09,100378.92,Above_25000,453.15,0,0,3,Medium Risk
21844.0,7983.91,8536.61,118288.31,Above_25000,1253.24,0,1,3,Low Risk
32725.0,0.0,24682.02,97124.81,Above_25000,1645.34,3,1,4,High Risk
8926.0,0.0,5281.48,52150.23,Above_25000,69.42,0,1,2,High Risk
9251.0,0.0,4629.44,25789.04,Above_25000,3773.28,1,0,4,Medium Risk
12496.0,28288.36,6635.41,72548.27,Above_25000,337.35,2,1,3,Very Low Risk
26679.0,11353.5,20639.99,159521.14,Above_25000,445.81,3,1,3,Low Risk
6300.0,0.0,2373.06,30535.41,Above_25000,73.99,1,0,3,Medium Risk
32806.0,2058.34,19457.73,194361.61,Above_25000,0.0,3,1,2,Low Risk
25663.0,0.0,14190.21,109790.4,Above_25000,3418.61,3,1,2,Low Risk
11553.0,0.0,6997.97,35099.94,Above_25000,2252.73,0,1,3,Medium Risk
26737.0,12558.7,8263.21,100209.84,Above_25000,802.99,0,1,4,Medium Risk
6727.0,0.0,4951.49,29425.54,Above_25000,9.91,1,1,4,Medium Risk
25656.0,8522.7,19654.01,58811.92,Above_25000,0.0,3,0,3,Medium Risk
25379.0,14757.23,14784.96,113935.8,Above_25000,775.61,0,1,4,Low Risk
28860.0,25304.92,18710.67,170987.17,Above_25000,212.01,0,1,3,Low Risk
19898.0,22457.92,15147.35,54927.05,Above_25000,0.0,3,1,4,Low Risk
19832.0,2507.27,12962.58,102538.99,Above_25000,1335.61,1,1,3,Low Risk
9019.0,16384.72,3393.57,50791.36,Above_25000,0.0,1,1,4,Low Risk
18463.0,0.0,10858.91,106620.25,Above_25000,26.98,3,1,2,High Risk
33178.0,17313.31,20018.2,193777.52,Above_25000,232.11,1,1,3,Low Risk
24727.0,1948.13,12661.84,101030.53,Above_25000,127.53,0,1,3,Medium Risk
13047.0,24693.61,8718.29,77097.75,Above_25000,173.02,3,0,4,Low Risk
32545.0,0.0,24967.99,163676.64,Above_25000,0.0,0,1,3,Medium Risk
27417.0,0.0,20913.26,72564.18,Above_25000,0.0,2,0,3,Medium Risk
14754.0,9304.11,7752.04,57652.74,Above_25000,1080.04,2,1,3,Low Risk
5520.0,0.0,1968.54,26900.75,Above_25000,126.64,1,1,2,Low Risk
6081.0,29522.64,4818.71,18178.31,Below_25000,0.0,2,1,2,Medium Risk
4428.0,0.0,3185.72,20202.58,Below_25000,0.0,0,0,4,Medium Risk
6967.0,0.0,2524.36,32510.82,Above_25000,448.52,2,1,2,Low Risk
9445.0,0.0,7182.18,25036.8,Above_25000,171.69,0,1,4,Low Risk
17566.0,0.0,12910.1,74837.15,Above_25000,160.02,1,1,2,Medium Risk
17042.0,16678.37,9533.62,86684.26,Above_25000,301.62,1,1,4,Medium Risk
28498.0,0.0,16974.48,113866.11,Above_25000,43.93,0,1,2,High Risk
14329.0,0.0,7157.35,29351.7,Above_25000,57.55,2,0,2,Medium Risk
34656.0,0.0,11345.71,70564.95,Above_25000,0.0,1,1,4,Medium Risk
5159.0,4965.77,2412.34,17685.66,Below_25000,451.22,3,1,3,Low Risk
8132.0,0.0,5704.0,46391.24,Above_25000,2342.29,1,0,3,Medium Risk
33088.0,7717.56,10003.03,96441.83,Above_25000,36.4,2,1,2,Medium Risk
21931.0,0.0,10236.29,99510.92,Above_25000,0.0,3,0,4,Low Risk
22363.0,0.0,11161.02,64591.13,Above_25000,0.0,2,1,3,Medium Risk
17933.0,0.0,10198.46,58940.03,Above_25000,618.4,0,0,4,Medium Risk
13473.0,0.0,10238.51,72648.68,Above_25000,146.2,3,1,3,Medium Risk
22033.0,0.0,10425.42,108302.02,Above_25000,0.0,2,1,4,Medium Risk
27889.0,0.0,13204.79,66420.36,Above_25000,6156.58,3,1,2,Medium Risk
13805.0,7063.53,9232.1,51282.93,Above_25000,2178.0,2,0,4,Medium Risk
6083.0,0.0,3200.32,12875.76,Below_25000,153.71,3,1,3,Medium Risk
29832.0,0.0,12299.81,117047.66,Above_25000,128.74,2,1,2,Medium Risk
33669.0,0.0,17717.29,156551.96,Above_25000,741.1,0,1,4,Medium Risk
20421.0,29051.55,7564.52,50521.77,Above_25000,798.07,3,1,3,Low Risk
16944.0,475.32,6577.55,53467.47,Above_25000,3358.81,3,1,2,Low Risk
22873.0,6477.1,12561.48,82144.87,Above_25000,295.9,3,1,4,Low Risk
10604.0,0.0,5402.34,60210.83,Above_25000,0.0,3,0,3,High Risk
26928.0,0.0,20395.89,160841.48,Above_25000,0.0,0,1,4,Low Risk
18379.0,0.0,8843.92,40059.7,Above_25000,195.99,3,1,4,Medium Risk
22018.0,0.0,12997.1,111059.49,Above_25000,0.0,1,0,2,High Risk
6983.0,0.0,4302.45,24349.0,Below_25000,266.99,0,1,2,Medium Risk
4778.0,0.0,1464.68,17056.66,Below_25000,1699.49,1,1,3,Medium Risk
27286.0,28459.55,17238.44,136895.5,Above_25000,0.0,3,1,2,Low Risk
8110.0,0.0,3154.94,46013.75,Above_25000,247.85,2,1,3,Medium Risk
24573.0,17637.3,19180.09,142614.67,Above_25000,212.89,1,1,4,Medium Risk
15087.0,0.0,5647.54,65002.19,Above_25000,184.9,3,1,4,Medium Risk
26762.0,0.0,13576.69,91753.11,Above_25000,179.13,1,1,3,High Risk
20508.0,15628.93,7027.58,105620.23,Above_25000,1350.66,3,1,4,Medium Risk
20081.0,28484.77,16033.42,60323.44,Above_25000,3079.7,3,1,2,Low Risk
5179.0,0.0,2854.13,22043.36,Below_25000,1249.35,3,1,4,Medium Risk
12596.0,0.0,7528.53,43258.62,Above_25000,0.0,2,1,2,Medium Risk
8251.0,0.0,2752.02,38173.45,Above_25000,118.6,1,1,3,Medium Risk
12235.0,0.0,8258.38,36235.12,Above_25000,3612.21,0,0,3,Medium Risk
21313.0,0.0,8630.76,58959.68,Above_25000,455.88,0,0,4,Medium Risk
17871.0,0.0,13385.86,101381.4,Above_25000,134.16,0,1,4,Medium Risk
4013.0,0.0,1615.51,9660.15,Below_25000,463.3,0,1,2,Low Risk
19610.0,0.0,7752.69,78907.34,Above_25000,54.17,3,1,2,Medium Risk
26705.0,0.0,8499.53,77001.49,Above_25000,68.82,1,1,4,Medium Risk
4828.0,0.0,2587.97,10407.82,Below_25000,161.07,1,1,4,Medium Risk
10909.0,22554.58,6353.63,23389.72,Below_25000,0.0,2,1,3,High Risk
8588.0,25051.71,2858.55,23195.22,Below_25000,262.45,1,1,3,Medium Risk
16109.0,3302.36,11079.19,88069.21,Above_25000,0.0,1,0,3,Medium Risk
5023.0,0.0,2645.33,15721.56,Below_25000,528.43,1,1,4,Medium Risk
24350.0,0.0,13689.45,141274.72,Above_25000,51.05,2,1,4,Medium Risk
30028.0,19937.64,15626.01,129915.82,Above_25000,4282.64,0,1,4,Low Risk
17537.0,0.0,8775.19,65701.61,Above_25000,65.47,1,0,3,Medium Risk
29661.0,0.0,17198.05,128146.06,Above_25000,167.67,2,0,4,Medium Risk
34661.0,19842.95,13088.69,140959.13,Above_25000,198.59,2,1,2,Low Risk
8891.0,0.0,3476.06,44767.12,Above_25000,0.0,3,1,4,Medium Risk
31859.0,0.0,23285.51,99718.17,Above_25000,158.4,2,1,4,Medium Risk
4080.0,0.0,3154.08,13921.78,Below_25000,109.1,0,1,4,High Risk
8036.0,0.0,3910.76,44811.77,Above_25000,1449.83,1,1,4,Medium Risk
18379.0,0.0,8001.71,106337.7,Above_25000,265.36,2,1,4,Medium Risk
29896.0,0.0,18595.31,166527.68,Above_25000,1047.3,0,0,2,Medium Risk
30766.0,0.0,15517.36,113150.95,Above_25000,15075.98,2,1,2,Medium Risk
13822.0,26638.31,4322.05,70788.85,Above_25000,209.17,2,1,4,Medium Risk
5563.0,0.0,2103.24,21725.42,Below_25000,780.64,2,1,3,Medium Risk
6292.0,0.0,4140.05,25106.08,Above_25000,64.63,2,1,4,Medium Risk
32197.0,0.0,20266.79,90754.34,Above_25000,0.0,2,1,4,High Risk
6586.0,0.0,2065.03,28744.74,Above_25000,635.16,0,1,4,Medium Risk
19087.0,0.0,7844.49,52385.1,Above_25000,3469.09,1,0,3,Medium Risk
19100.0,0.0,7936.76,63531.54,Above_25000,0.0,1,1,3,High Risk
23815.0,2366.32,15145.06,129080.18,Above_25000,714.95,1,1,3,Medium Risk
26225.0,0.0,8125.95,74172.25,Above_25000,72.93,1,0,2,High Risk
32750.0,2492.64,11529.78,74821.74,Above_25000,0.0,0,1,3,High Risk
9643.0,21401.89,6749.7,21947.76,Below_25000,172.36,3,0,2,Low Risk
30523.0,0.0,11881.76,175908.26,Above_25000,129.45,3,1,2,Medium Risk
6959.0,28074.37,4358.93,28028.64,Above_25000,0.0,0,1,3,Medium Risk
14005.0,28025.13,5869.37,50945.26,Above_25000,89.22,0,1,3,Low Risk
13775.0,0.0,4817.4,72229.41,Above_25000,3.1,2,1,3,Medium Risk
3161.0,0.0,1332.63,16890.18,Below_25000,0.0,2,1,2,High Risk
19029.0,0.0,12580.71,63343.05,Above_25000,119.68,2,0,4,Medium Risk
19977.0,0.0,14540.22,95379.63,Above_25000,205.16,1,0,3,Medium Risk
17226.0,0.0,12318.48,87585.45,Above_25000,0.0,2,1,3,Medium Risk
33878.0,5280.7,16891.29,156469.02,Above_25000,844.78,3,0,3,Medium Risk
30835.0,0.0,19550.7,80367.74,Above_25000,946.14,1,1,2,Medium Risk
31731.0,27882.11,12771.48,174632.58,Above_25000,57.02,2,0,2,Medium Risk
14154.0,0.0,6320.81,58829.38,Above_25000,2360.81,1,0,4,Medium Risk
15080.0,0.0,11282.37,47198.74,Above_25000,1076.43,3,1,3,Medium Risk
6390.0,0.0,1958.54,23648.83,Below_25000,198.77,2,1,2,Medium Risk
8997.0,0.0,3083.76,19346.11,Below_25000,0.0,3,1,4,Medium Risk
25738.0,0.0,10396.69,64640.14,Above_25000,1646.17,3,1,3,Medium Risk
15693.0,0.0,4916.08,79440.9,Above_25000,201.98,3,1,2,Medium Risk
20047.0,0.0,7832.72,40094.93,Above_25000,0.0,2,1,3,Medium Risk
12324.0,7087.06,7289.9,45183.03,Above_25000,0.0,0,0,3,Medium Risk
32771.0,22849.25,16736.55,134034.72,Above_25000,1392.71,2,1,2,Low Risk
3541.0,0.0,2642.78,7855.84,Below_25000,0.0,3,1,2,Low Risk
24817.0,24509.83,17588.35,146229.52,Above_25000,160.71,2,1,2,Low Risk
8093.0,19070.94,3811.06,23506.13,Below_25000,0.0,3,1,3,Low Risk
16428.0,19686.8,7059.3,52845.51,Above_25000,1391.16,0,1,3,Very Low Risk
14166.0,0.0,6939.16,45554.6,Above_25000,1213.82,1,1,4,Medium Risk
20251.0,0.0,12052.33,59166.67,Above_25000,1067.31,0,1,3,Low Risk
19063.0,1898.9,8273.95,38238.38,Above_25000,285.51,0,1,2,Medium Risk
13258.0,0.0,8114.88,65194.61,Above_25000,3568.67,1,1,3,Medium Risk
28007.0,0.0,14135.3,164327.77,Above_25000,0.0,2,1,4,Low Risk
19044.0,17989.12,10969.79,55173.78,Above_25000,4841.23,1,0,4,Low Risk
32411.0,0.0,16790.95,150782.09,Above_25000,68.63,2,0,2,High Risk
8469.0,0.0,3787.62,42070.48,Above_25000,256.64,2,1,2,Medium Risk
31854.0,329.04,24662.22,171810.97,Above_25000,311.39,3,1,4,Medium Risk
9256.0,1876.64,6310.77,34159.42,Above_25000,1400.79,3,1,4,Low Risk
28782.0,26246.56,10650.97,92439.83,Above_25000,124.39,1,1,4,Low Risk
13720.0,10604.46,10073.69,45292.2,Above_25000,0.0,0,0,2,Low Risk
4169.0,0.0,2266.75,20221.67,Below_25000,1693.36,1,1,4,Medium Risk
3830.0,0.0,2862.07,20173.06,Below_25000,321.55,2,1,4,Medium Risk
4651.0,0.0,3255.36,12680.75,Below_25000,943.43,3,1,2,Low Risk
20520.0,0.0,10518.69,71486.84,Above_25000,0.0,1,1,3,High Risk
22194.0,27195.41,6907.54,124458.64,Above_25000,1150.77,1,1,3,Low Risk
28051.0,6986.22,12183.63,146616.24,Above_25000,1439.49,3,0,4,Low Risk
30386.0,0.0,17344.85,180475.63,Above_25000,2715.09,3,1,3,Medium Risk
12518.0,28671.34,7720.34,62802.72,Above_25000,89.62,3,1,3,Low Risk
16258.0,0.0,6973.77,58086.27,Above_25000,67.05,2,0,3,Medium Risk
19184.0,11168.21,7091.9,83691.18,Above_25000,350.92,3,1,3,Low Risk
4019.0,22973.92,2883.49,18664.47,Below_25000,2491.62,0,0,4,Low Risk
24621.0,761.49,19504.78,56968.64,Above_25000,105.44,1,1,3,Medium Risk
13028.0,27866.01,7332.75,54430.83,Above_25000,79.6,3,0,3,Medium Risk
15448.0,0.0,5960.45,74726.35,Above_25000,191.02,3,1,2,Medium Risk
30024.0,0.0,13095.08,80142.62,Above_25000,532.78,2,0,4,Medium Risk
15485.0,0.0,4787.89,79322.33,Above_25000,479.58,2,0,2,Medium Risk
4283.0,28655.11,3242.87,18567.2,Below_25000,106.52,1,1,2,Low Risk
20043.0,0.0,7192.94,116427.53,Above_25000,134.45,0,1,4,Medium Risk
33447.0,0.0,19675.47,72569.59,Above_25000,350.99,1,1,3,Low Risk
32742.0,27928.94,14309.16,100233.23,Above_25000,131.73,3,1,2,Low Risk
21394.0,0.0,12346.24,94266.57,Above_25000,83.08,0,1,4,Medium Risk
27974.0,8053.41,17503.62,89131.87,Above_25000,892.79,0,1,3,Low Risk
4733.0,23595.75,3383.48,22991.48,Below_25000,169.45,0,1,4,Medium Risk
33254.0,23009.44,13408.37,167467.85,Above_25000,0.0,0,1,2,Low Risk
21509.0,16719.49,6570.95,51838.06,Above_25000,240.07,1,1,3,Low Risk
21555.0,0.0,7941.78,87414.53,Above_25000,625.52,2,1,3,Medium Risk
27650.0,0.0,20737.76,111583.3,Above_25000,439.18,2,0,4,Medium Risk
19230.0,0.0,14171.45,66865.08,Above_25000,174.74,3,1,3,High Risk
17472.0,0.0,10460.6,100144.25,Above_25000,324.62,2,1,2,Medium Risk
15889.0,0.0,9537.51,84370.99,Above_25000,293.56,2,1,2,Medium Risk
6471.0,12874.35,4093.03,30988.57,Above_25000,0.0,2,1,2,Low Risk
12028.0,0.0,4663.08,58423.68,Above_25000,0.0,2,1,4,Medium Risk
25008.0,0.0,18936.21,96202.39,Above_25000,0.0,3,1,3,Medium Risk
28075.0,14313.19,14300.99,159577.68,Above_25000,37.1,1,1,3,Low Risk
33268.0,5760.76,16353.53,158967.2,Above_25000,0.0,0,1,3,Medium Risk
11329.0,10506.65,6338.11,55692.51,Above_25000,355.49,2,1,2,Medium Risk
5097.0,21700.93,1648.79,27762.15,Above_25000,649.6,1,0,3,Medium Risk
17082.0,29091.36,6544.83,52890.76,Above_25000,1299.42,2,1,2,Low Risk
24452.0,14063.6,16358.8,127841.99,Above_25000,130.19,2,1,3,Medium Risk
16930.0,0.0,5779.89,47081.69,Above_25000,0.0,0,1,2,Medium Risk
31272.0,0.0,18812.49,105742.13,Above_25000,0.0,0,1,3,High Risk
13077.0,23243.76,5527.32,43709.11,Above_25000,12875.38,0,1,4,Low Risk
9397.0,0.0,4648.21,55574.82,Above_25000,0.0,2,1,4,High Risk
33700.0,28066.22,14974.49,182861.22,Above_25000,184.04,2,1,2,Low Risk
5757.0,25997.0,2750.9,27660.54,Above_25000,0.0,2,1,2,Low Risk
23304.0,0.0,15369.52,114381.32,Above_25000,984.03,0,1,3,Medium Risk
27570.0,5446.54,12366.82,117125.39,Above_25000,190.77,3,1,3,Medium Risk
21284.0,0.0,12412.88,123199.51,Above_25000,0.0,1,1,4,Medium Risk
21994.0,20660.72,11833.33,87646.86,Above_25000,0.0,3,1,3,Low Risk
26284.0,0.0,16607.17,92574.11,Above_25000,0.0,2,0,2,High Risk
31562.0,21416.45,24252.71,83706.89,Above_25000,207.43,2,1,2,Low Risk
20833.0,0.0,13880.74,107182.09,Above_25000,0.0,3,1,2,Low Risk
28122.0,0.0,11458.88,138860.13,Above_25000,77.02,2,1,2,Medium Risk
8017.0,16703.19,2530.1,28359.5,Above_25000,1418.72,1,1,2,Very Low Risk
19370.0,15818.02,8351.03,40691.99,Above_25000,0.0,2,1,4,Low Risk
32252.0,0.0,19271.83,172741.37,Above_25000,421.56,1,0,4,Medium Risk
33044.0,0.0,10762.86,67597.18,Above_25000,0.0,3,1,2,High Risk
10999.0,12.16,6029.47,52957.98,Above_25000,342.61,3,0,3,Medium Risk
25436.0,0.0,15221.45,149589.84,Above_25000,7877.38,2,0,2,Low Risk
13195.0,12926.01,6163.67,49489.76,Above_25000,0.0,1,0,4,Medium Risk
5096.0,3817.6,3493.08,14981.7,Below_25000,0.0,2,1,2,High Risk
34636.0,22474.93,12236.87,166927.65,Above_25000,662.18,0,1,4,Low Risk
18433.0,0.0,6222.41,97114.49,Above_25000,0.0,0,1,4,High Risk
28279.0,0.0,18779.92,118368.01,Above_25000,576.55,0,1,2,Medium Risk
25788.0,13789.1,14125.27,151327.62,Above_25000,118.15,0,1,2,Medium Risk
13595.0,0.0,8757.92,29999.75,Above_25000,0.0,2,1,3,Medium Risk
18941.0,0.0,9800.33,76127.33,Above_25000,1527.75,0,1,4,Low Risk
29201.0,5981.89,12357.89,142320.29,Above_25000,128.9,1,1,3,Low Risk
22715.0,1408.18,16117.45,123809.51,Above_25000,0.0,3,1,2,Medium Risk
32309.0,0.0,22606.86,87784.28,Above_25000,1728.28,3,1,4,Medium Risk
18078.0,0.0,11702.76,94005.85,Above_25000,7504.43,0,1,3,Medium Risk
26846.0,0.0,11706.8,113043.9,Above_25000,0.0,0,1,3,Medium Risk
8105.0,0.0,4823.41,29066.27,Above_25000,1404.36,0,1,3,Medium Risk
22362.0,14673.86,10744.65,56505.65,Above_25000,1251.54,2,1,2,Very Low Risk
32312.0,0.0,11173.2,176461.75,Above_25000,1265.12,3,1,2,Low Risk
5839.0,0.0,4429.8,15351.27,Below_25000,12.84,0,1,2,Medium Risk
6384.0,0.0,2351.93,20678.74,Below_25000,103.19,1,1,4,High Risk
13851.0,0.0,10736.17,43771.68,Above_25000,3665.15,0,1,2,Medium Risk
13053.0,2919.26,6826.76,71604.27,Above_25000,124.58,3,1,4,Medium Risk
30432.0,2760.86,11946.58,142750.79,Above_25000,0.0,0,1,3,Low Risk
16493.0,0.0,9416.69,85544.67,Above_25000,7754.82,3,1,3,Low Risk
20069.0,4694.72,14780.27,60244.56,Above_25000,193.26,0,1,2,Low Risk
17139.0,13597.6,11416.5,77116.87,Above_25000,495.83,1,1,3,Low Risk
10531.0,0.0,7406.25,45146.23,Above_25000,0.0,0,1,2,High Risk
7283.0,11642.72,4583.86,38828.01,Above_25000,2323.73,1,1,4,Very Low Risk
10736.0,0.0,6936.94,60383.0,Above_25000,1013.68,1,1,3,Medium Risk
10710.0,0.0,7760.44,21940.8,Below_25000,186.45,0,1,2,Medium Risk
4619.0,0.0,1962.31,21691.19,Below_25000,0.0,1,1,3,Medium Risk
16975.0,0.0,9246.49,37469.65,Above_25000,0.0,2,1,3,Medium Risk
32656.0,25623.11,13408.71,137006.11,Above_25000,1572.34,0,0,2,Medium Risk
15835.0,23660.88,12570.36,49888.66,Above_25000,378.25,0,1,3,Low Risk
26252.0,0.0,20267.32,84718.0,Above_25000,0.0,1,1,3,Medium Risk
18261.0,0.0,5838.29,62303.5,Above_25000,197.05,1,1,3,Medium Risk
4431.0,19547.04,2892.5,19873.79,Below_25000,8151.48,0,1,3,Low Risk
12067.0,15742.84,9202.59,40257.92,Above_25000,116.82,2,1,4,Low Risk
7713.0,0.0,3010.29,38031.23,Above_25000,9758.89,1,1,3,High Risk
30037.0,14222.96,17540.79,108677.16,Above_25000,308.65,1,1,3,Medium Risk
12557.0,16411.58,9514.99,28547.24,Above_25000,1588.18,3,1,2,Low Risk
12435.0,1102.96,3941.56,63854.21,Above_25000,481.26,2,0,4,Medium Risk
7998.0,0.0,5188.38,25137.98,Above_25000,67.77,2,0,2,Medium Risk
3162.0,27113.34,1418.71,11797.64,Below_25000,194.86,0,0,2,Medium Risk
4974.0,0.0,3791.17,23585.59,Below_25000,0.0,2,1,2,Low Risk
22675.0,27121.48,17811.87,75503.77,Above_25000,83.8,0,1,4,Medium Risk
11461.0,19077.73,8849.42,25516.11,Above_25000,8.32,3,0,2,Medium Risk
20015.0,27603.71,10750.2,69966.12,Above_25000,0.0,2,1,2,Medium Risk
20289.0,0.0,14831.69,117225.67,Above_25000,407.96,1,0,2,High Risk
31047.0,25958.5,22424.46,141789.71,Above_25000,92.51,3,1,3,Very Low Risk
30829.0,15731.49,14167.47,144462.12,Above_25000,440.38,0,1,2,Low Risk
5014.0,0.0,3582.29,22709.05,Below_25000,978.05,3,1,4,Medium Risk
12833.0,0.0,4087.36,35880.66,Above_25000,1038.03,0,1,4,Low Risk
10896.0,0.0,6517.28,40024.66,Above_25000,708.32,3,1,3,Medium Risk
3204.0,0.0,1329.67,16032.04,Below_25000,0.0,0,1,4,Medium Risk
19965.0,0.0,7193.06,48025.64,Above_25000,4322.11,2,1,4,Medium Risk
25059.0,0.0,8481.89,77968.85,Above_25000,96.57,1,0,3,High Risk
12032.0,24477.21,7798.47,37362.69,Above_25000,1030.82,0,1,2,Very Low Risk
33508.0,0.0,15746.67,124920.36,Above_25000,950.24,3,0,3,Medium Risk
8347.0,0.0,5528.91,49426.55,Above_25000,0.0,0,1,2,High Risk
29295.0,14637.71,9745.81,66499.95,Above_25000,176.89,0,0,2,Low Risk
33314.0,0.0,15245.99,135748.02,Above_25000,0.0,0,0,4,Medium Risk
5643.0,1974.14,3215.07,15334.62,Below_25000,176.46,3,1,3,Medium Risk
11017.0,13519.32,7660.8,64809.77,Above_25000,1060.69,1,1,4,Low Risk
21681.0,0.0,9959.74,53188.13,Above_25000,2005.92,2,1,4,Medium Risk
20258.0,24477.23,12417.05,73220.6,Above_25000,11186.0,1,1,2,Medium Risk
8560.0,0.0,6359.98,42385.18,Above_25000,1322.08,0,1,4,Medium Risk
18892.0,3165.81,11485.04,91025.77,Above_25000,0.0,3,1,3,Low Risk
17531.0,0.0,7301.31,64705.42,Above_25000,6318.46,1,0,4,Medium Risk
20073.0,0.0,6266.8,67969.12,Above_25000,0.0,0,1,4,Low Risk
7000.0,0.0,5145.35,25133.15,Above_25000,174.7,2,1,2,High Risk
33682.0,0.0,10462.8,102969.41,Above_25000,335.39,2,1,3,Medium Risk
30717.0,3884.83,22649.21,86662.85,Above_25000,1143.29,2,1,4,Low Risk
34358.0,0.0,19394.01,135101.11,Above_25000,53.16,0,1,2,High Risk
28998.0,793.16,22314.94,89143.77,Above_25000,724.5,3,1,4,Medium Risk
17289.0,0.0,12091.78,54457.7,Above_25000,779.08,1,1,3,Medium Risk
20055.0,14576.93,16023.28,92794.97,Above_25000,1214.1,2,1,4,Medium Risk
10927.0,0.0,5194.21,64186.83,Above_25000,1497.47,0,1,4,Medium Risk
18562.0,1713.68,12688.87,81942.85,Above_25000,242.39,0,1,2,Medium Risk
4171.0,0.0,2089.53,9626.33,Below_25000,0.0,1,1,4,Medium Risk
24975.0,28948.24,13484.95,57500.8,Above_25000,0.0,2,1,2,Low Risk
14918.0,3801.74,9155.96,86609.33,Above_25000,0.0,0,0,3,Medium Risk
12135.0,0.0,8941.54,38700.49,Above_25000,549.23,1,1,4,Medium Risk
9342.0,27004.89,7399.25,22124.36,Below_25000,1727.28,3,0,3,Low Risk
20833.0,0.0,14252.62,91585.58,Above_25000,0.0,3,1,3,Medium Risk
14929.0,0.0,7597.12,67099.81,Above_25000,0.0,3,1,4,Medium Risk
5539.0,0.0,2828.65,25446.27,Above_25000,651.83,2,0,2,Medium Risk
6959.0,0.0,4654.12,21361.4,Below_25000,61.53,1,1,3,Medium Risk
16183.0,6604.08,6786.97,33344.14,Above_25000,1843.76,1,1,3,Low Risk
25669.0,0.0,9118.58,150421.92,Above_25000,1865.71,0,1,4,Medium Risk
8432.0,0.0,4024.69,25326.12,Above_25000,805.63,0,1,4,Medium Risk
23644.0,10122.69,10488.94,111223.86,Above_25000,251.94,0,0,4,Medium Risk
21745.0,0.0,9745.11,104952.67,Above_25000,239.48,1,1,4,Medium Risk
25548.0,10243.27,10648.51,113433.88,Above_25000,1545.59,0,1,4,Very Low Risk
32777.0,13919.05,10522.94,106578.66,Above_25000,1009.59,1,1,4,Medium Risk
31228.0,25606.54,9647.48,96319.18,Above_25000,110.83,1,0,2,Low Risk
34874.0,0.0,27685.12,153120.33,Above_25000,757.91,3,1,3,Medium Risk
23054.0,0.0,11847.14,125975.87,Above_25000,3739.69,0,1,2,Low Risk
4753.0,28803.76,2339.25,27505.3,Above_25000,945.03,3,0,2,Medium Risk
27484.0,0.0,17584.91,66610.86,Above_25000,0.0,2,1,4,High Risk
34703.0,0.0,14197.93,90898.07,Above_25000,288.88,2,1,3,High Risk
29928.0,0.0,23193.62,172952.27,Above_25000,230.57,2,1,2,Medium Risk
21322.0,85.93,14779.82,105461.62,Above_25000,0.0,1,1,4,Medium Risk
27946.0,2534.74,9633.14,154596.58,Above_25000,0.0,1,1,4,Medium Risk
25360.0,0.0,12902.92,71275.05,Above_25000,0.0,1,1,3,Medium Risk
32524.0,0.0,24053.42,141490.57,Above_25000,38.95,0,0,2,Medium Risk
32055.0,28174.8,24758.19,154010.12,Above_25000,1298.54,3,1,2,Medium Risk
13123.0,0.0,7003.76,61946.43,Above_25000,0.0,1,1,2,Medium Risk
19376.0,0.0,11755.53,70385.39,Above_25000,0.0,3,1,4,Medium Risk
9588.0,0.0,3677.16,19766.42,Below_25000,90.83,3,1,3,High Risk
28000.0,0.0,22276.36,121287.72,Above_25000,329.18,3,1,3,Low Risk
9304.0,21945.18,3868.94,28027.43,Above_25000,476.26,0,1,2,Low Risk
10345.0,0.0,7979.78,39321.52,Above_25000,71.36,0,0,4,High Risk
32300.0,9402.0,20181.79,188319.47,Above_25000,840.56,2,1,2,Low Risk
27259.0,0.0,16460.85,98027.21,Above_25000,72.06,2,0,3,Medium Risk
28470.0,1397.06,15839.12,152576.61,Above_25000,767.55,3,0,4,Medium Risk
26017.0,0.0,10805.77,71655.04,Above_25000,0.0,2,1,2,High Risk
18352.0,0.0,7125.42,86067.98,Above_25000,982.5,3,1,2,Low Risk
34046.0,26732.14,13967.14,201144.72,Above_25000,207.34,0,1,4,Low Risk
3597.0,2226.73,1414.41,8660.04,Below_25000,2319.01,0,1,3,Low Risk
22446.0,0.0,15483.08,45639.0,Above_25000,0.0,0,0,4,Medium Risk
5336.0,14612.31,2534.93,19926.39,Below_25000,586.19,1,0,2,Low Risk
32264.0,0.0,10612.32,76481.87,Above_25000,150.82,3,1,2,High Risk
12879.0,0.0,10104.24,64311.77,Above_25000,0.0,0,0,2,Medium Risk
3572.0,21321.04,2650.04,20211.07,Below_25000,65.02,3,1,2,Medium Risk
10521.0,5407.85,8036.74,39307.34,Above_25000,2208.61,2,1,3,Very Low Risk
9171.0,0.0,7313.45,27832.58,Above_25000,0.0,2,1,3,Low Risk
26481.0,22480.48,10246.76,98975.74,Above_25000,182.98,0,1,2,Low Risk
21474.0,0.0,10696.65,105089.27,Above_25000,0.0,3,1,3,Medium Risk
16992.0,5196.72,11539.59,34599.39,Above_25000,191.63,0,1,3,Low Risk
25950.0,21659.96,16815.87,113085.32,Above_25000,301.38,2,1,3,Low Risk
14861.0,9679.5,5601.82,66178.51,Above_25000,404.54,0,0,2,Low Risk
15464.0,8455.71,10947.22,70372.84,Above_25000,0.0,3,1,4,Low Risk
24008.0,0.0,9896.58,71257.86,Above_25000,74.42,2,1,4,Low Risk
4633.0,0.0,1908.37,22498.83,Below_25000,1293.33,1,1,4,Medium Risk
32637.0,7445.81,18553.72,77204.98,Above_25000,0.0,2,1,2,Medium Risk
20901.0,23051.56,12466.82,58461.8,Above_25000,0.0,1,0,3,Low Risk
15485.0,20985.11,9136.82,85320.49,Above_25000,0.0,0,1,3,Low Risk
13849.0,3280.75,4788.2,68620.31,Above_25000,0.0,0,1,2,Medium Risk
6648.0,0.0,4911.08,13661.52,Below_25000,0.0,3,0,2,Medium Risk
18177.0,9930.08,7867.01,54412.94,Above_25000,0.0,1,1,4,Low Risk
16140.0,0.0,5887.19,46122.08,Above_25000,1373.53,0,1,4,Low Risk
31164.0,0.0,23197.67,96085.63,Above_25000,2518.09,1,0,2,Medium Risk
20921.0,1217.21,16272.89,62558.79,Above_25000,537.26,0,1,4,Medium Risk
17357.0,9951.48,12689.07,39055.08,Above_25000,1862.2,2,1,3,Low Risk
34855.0,9381.23,24564.34,133695.49,Above_25000,21.84,0,1,2,Low Risk
16368.0,169.04,10272.9,80709.53,Above_25000,698.25,3,1,2,Low Risk
6137.0,14633.47,3531.41,27168.05,Above_25000,301.03,2,1,3,Low Risk
26369.0,0.0,9057.58,123709.81,Above_25000,3874.03,3,1,3,Medium Risk
3097.0,0.0,1561.59,7199.28,Below_25000,15.49,2,1,3,High Risk
14407.0,20539.6,7006.76,83646.51,Above_25000,134.91,1,1,4,Low Risk
33575.0,0.0,14433.12,179759.45,Above_25000,56.14,3,0,2,High Risk
15722.0,6958.91,10403.41,82074.52,Above_25000,556.84,0,0,4,Low Risk
15924.0,0.0,8725.36,84268.78,Above_25000,0.0,1,1,3,Medium Risk
6750.0,0.0,2298.53,38683.18,Above_25000,426.88,0,1,4,High Risk
30733.0,0.0,12603.35,128372.23,Above_25000,0.0,2,1,3,Medium Risk
32259.0,17235.98,20698.32,90361.59,Above_25000,2113.33,2,1,4,Very Low Risk
11535.0,24419.82,3899.58,51528.4,Above_25000,696.36,0,1,4,Medium Risk
27558.0,2981.72,19996.18,137005.31,Above_25000,54.68,0,1,3,Low Risk
27487.0,10055.61,15051.15,136106.54,Above_25000,175.31,1,1,4,Low Risk
24797.0,3682.62,13397.65,101315.49,Above_25000,1126.9,0,1,2,Medium Risk
33651.0,0.0,20062.86,76516.82,Above_25000,588.63,3,1,4,Low Risk
7666.0,0.0,5460.8,26711.81,Above_25000,0.0,3,1,4,Medium Risk
19009.0,0.0,9008.45,108029.41,Above_25000,1908.03,0,1,2,Medium Risk
19994.0,19416.41,12776.33,86729.89,Above_25000,978.6,3,0,3,Low Risk
4727.0,1795.1,2755.21,19632.78,Below_25000,0.0,0,0,2,Low Risk
29866.0,12796.38,12947.33,91850.32,Above_25000,0.0,1,0,4,Low Risk
4854.0,14221.58,3588.63,16861.8,Below_25000,138.4,3,1,3,Medium Risk
13800.0,12045.3,9642.24,77023.1,Above_25000,0.0,3,1,4,Very Low Risk
8055.0,0.0,5068.41,37583.44,Above_25000,1123.22,0,1,4,Medium Risk
13271.0,0.0,9625.34,68339.65,Above_25000,899.04,3,1,2,Medium Risk
34110.0,0.0,25024.7,130210.89,Above_25000,1565.38,2,1,2,Medium Risk
21708.0,0.0,14200.97,98141.63,Above_25000,272.94,1,0,3,Medium Risk
15819.0,0.0,11366.06,47354.72,Above_25000,0.0,1,1,3,Medium Risk
12369.0,0.0,8024.21,59641.38,Above_25000,343.6,3,1,3,Medium Risk
34102.0,0.0,21827.68,126532.24,Above_25000,133.61,3,0,4,Medium Risk
12283.0,2802.09,7484.1,46309.15,Above_25000,53.77,2,1,2,Medium Risk
33573.0,29207.88,22707.38,154344.79,Above_25000,19.6,2,1,2,Low Risk
16171.0,0.0,6133.7,92904.38,Above_25000,718.0,3,1,2,Medium Risk
33933.0,29770.34,25125.19,76553.71,Above_25000,132.97,3,1,3,Medium Risk
8774.0,23128.52,6456.98,46493.19,Above_25000,0.0,2,1,2,Low Risk
9519.0,0.0,2994.9,30170.78,Above_25000,127.14,0,1,2,High Risk
13983.0,0.0,9968.6,52795.3,Above_25000,41.09,2,1,2,Medium Risk
33932.0,0.0,12366.01,70838.25,Above_25000,1999.55,0,1,3,Medium Risk
33798.0,0.0,15802.57,108295.02,Above_25000,0.0,1,1,2,Medium Risk
21133.0,0.0,14196.18,84754.42,Above_25000,27.24,1,1,3,Medium Risk
30251.0,0.0,11506.87,67299.53,Above_25000,0.0,2,1,2,High Risk
17939.0,29833.32,12718.46,71117.07,Above_25000,68.3,0,1,2,Medium Risk
3781.0,0.0,2707.45,21583.62,Below_25000,0.0,2,1,2,Medium Risk
19282.0,12438.29,10677.1,46692.77,Above_25000,3356.48,2,1,3,Low Risk
26932.0,0.0,8165.59,136215.67,Above_25000,1296.75,0,1,3,High Risk
30624.0,0.0,13582.33,111431.07,Above_25000,0.0,2,1,2,High Risk
9823.0,0.0,5976.94,45389.09,Above_25000,140.44,1,1,4,Medium Risk
21489.0,0.0,16989.05,65346.9,Above_25000,209.91,3,1,3,Medium Risk
23251.0,0.0,14320.45,61335.42,Above_25000,1142.03,3,0,3,Medium Risk
10193.0,3585.79,4381.99,26928.38,Above_25000,289.68,2,1,2,Very Low Risk
24360.0,27710.08,15030.19,55588.74,Above_25000,0.0,0,1,4,Low Risk
32118.0,0.0,18307.03,88086.4,Above_25000,411.04,0,1,2,Medium Risk
5113.0,7092.64,3527.57,23810.61,Below_25000,365.19,1,0,3,Medium Risk
19280.0,0.0,6815.29,106555.98,Above_25000,0.0,0,1,3,Medium Risk
25263.0,17859.6,17191.82,132795.03,Above_25000,381.37,0,1,2,Low Risk
16565.0,0.0,9452.54,78527.0,Above_25000,38.99,1,0,2,High Risk
23354.0,16255.2,18251.06,57024.1,Above_25000,96.85,2,1,4,Medium Risk
13183.0,0.0,6208.35,41615.43,Above_25000,4789.89,3,0,4,Medium Risk
28643.0,23760.76,17652.99,92781.19,Above_25000,824.35,1,1,3,Very Low Risk
26648.0,29995.85,20412.74,79939.41,Above_25000,6023.3,2,0,4,Medium Risk
20961.0,0.0,7362.65,85102.13,Above_25000,106.76,1,1,4,Medium Risk
12203.0,20550.52,9379.4,50547.45,Above_25000,400.79,2,1,3,Low Risk
21658.0,0.0,13946.51,74233.75,Above_25000,300.05,1,1,3,High Risk
24253.0,0.0,8098.53,82827.79,Above_25000,84.17,2,0,3,Medium Risk
34398.0,0.0,15495.67,182798.62,Above_25000,32.39,1,1,3,Medium Risk
18795.0,0.0,12293.55,96929.04,Above_25000,0.0,2,1,2,High Risk
29390.0,0.0,9806.72,94964.48,Above_25000,1942.0,1,1,3,Medium Risk
26128.0,0.0,15443.87,147757.86,Above_25000,0.0,3,0,3,Medium Risk
21810.0,15989.87,10314.85,126743.58,Above_25000,251.4,3,1,3,Low Risk
16489.0,9233.97,10065.84,54528.63,Above_25000,397.84,0,1,4,Low Risk
8546.0,13770.15,2759.26,29207.66,Above_25000,515.0,2,1,3,Low Risk
9852.0,9169.8,7248.79,39630.03,Above_25000,256.74,1,1,2,Low Risk
31978.0,0.0,25158.52,184336.65,Above_25000,225.13,2,1,2,Medium Risk
32450.0,8577.61,25455.04,178646.26,Above_25000,0.0,3,0,3,Low Risk
5551.0,24106.54,3745.96,13379.42,Below_25000,4647.37,2,1,2,Low Risk
9411.0,16734.84,3435.42,33605.96,Above_25000,160.21,1,1,4,Low Risk
31233.0,0.0,21211.32,131599.77,Above_25000,0.0,2,0,3,Medium Risk
19391.0,253.74,6055.68,77806.97,Above_25000,157.47,1,1,2,Medium Risk
27471.0,524.83,8545.18,76244.45,Above_25000,347.38,3,1,2,Medium Risk
21939.0,12650.7,10131.54,119244.32,Above_25000,25.48,3,0,3,Very Low Risk
3475.0,0.0,1891.52,16359.48,Below_25000,468.31,3,1,2,High Risk
24800.0,0.0,16993.05,132720.51,Above_25000,952.72,0,0,3,High Risk
13403.0,0.0,8600.0,72846.07,Above_25000,0.0,3,1,2,Medium Risk
28060.0,24395.95,14674.01,140115.46,Above_25000,259.0,2,0,4,Medium Risk
10239.0,0.0,4472.53,38466.31,Above_25000,1113.91,0,1,2,High Risk
9710.0,3299.21,7754.04,43133.64,Above_25000,384.64,3,1,2,Low Risk
24384.0,0.0,12511.2,64409.4,Above_25000,0.0,2,1,3,Medium Risk
24038.0,0.0,12636.62,112848.35,Above_25000,345.04,2,1,2,Medium Risk
11078.0,0.0,4229.71,30099.07,Above_25000,0.0,2,1,3,High Risk
25447.0,0.0,17746.86,121529.74,Above_25000,4309.93,1,1,4,Low Risk
5285.0,0.0,3418.56,15423.71,Below_25000,955.47,0,0,3,Medium Risk
8223.0,14841.85,3374.59,20312.5,Below_25000,19.05,2,1,3,Low Risk
16521.0,24352.34,5636.81,43964.66,Above_25000,0.0,1,1,2,Low Risk
17889.0,0.0,11453.43,35920.55,Above_25000,5691.55,3,1,4,Medium Risk
9971.0,0.0,6254.37,48608.21,Above_25000,0.0,2,1,3,High Risk
32139.0,0.0,14032.84,158432.55,Above_25000,26.83,1,1,2,Medium Risk
22909.0,21824.18,17764.37,93004.43,Above_25000,0.0,2,1,2,Low Risk
14531.0,23889.95,5456.81,38441.05,Above_25000,347.79,0,1,3,Low Risk
17721.0,5888.73,9147.0,41364.67,Above_25000,122.8,0,1,2,Low Risk
22206.0,0.0,17138.77,46111.11,Above_25000,0.0,3,0,3,Medium Risk
7943.0,0.0,4049.85,21152.15,Below_25000,81.82,2,1,3,High Risk
9530.0,0.0,5901.58,53019.41,Above_25000,376.44,1,1,3,Medium Risk
14116.0,0.0,7041.02,41870.14,Above_25000,399.99,3,1,4,Medium Risk
3258.0,0.0,1424.1,11132.86,Below_25000,4112.24,2,1,3,Medium Risk
3282.0,2386.7,2599.31,7946.98,Below_25000,353.29,3,1,2,Medium Risk
16937.0,15783.44,8547.55,48938.53,Above_25000,2223.02,1,1,4,Medium Risk
4898.0,0.0,3659.05,19968.65,Below_25000,275.76,3,1,2,Medium Risk
7135.0,0.0,2960.86,31615.26,Above_25000,0.0,3,1,4,High Risk
9629.0,11979.11,3914.69,28707.99,Above_25000,230.79,3,1,4,Medium Risk
14168.0,0.0,4470.95,31607.8,Above_25000,29.63,2,1,4,Medium Risk
29843.0,1642.92,18676.75,106364.38,Above_25000,1826.57,1,1,4,Medium Risk
22584.0,0.0,10936.6,66325.0,Above_25000,1187.45,0,1,2,Medium Risk
24494.0,0.0,17934.0,70499.02,Above_25000,393.04,2,0,3,Medium Risk
26551.0,0.0,14247.4,155043.27,Above_25000,200.09,0,1,2,High Risk
3612.0,21278.27,2832.16,16128.31,Below_25000,63.67,0,1,3,Low Risk
34647.0,18690.76,13608.05,146470.67,Above_25000,0.0,2,1,2,Low Risk
17203.0,0.0,12632.36,63016.32,Above_25000,383.21,2,1,4,Medium Risk
20071.0,0.0,13814.84,74579.37,Above_25000,0.0,1,1,4,Medium Risk
23074.0,0.0,15816.33,96071.37,Above_25000,813.25,1,1,3,Medium Risk
28188.0,18768.64,20362.77,134899.85,Above_25000,102.71,3,0,3,Low Risk
5307.0,0.0,3611.48,25519.16,Above_25000,109.42,0,1,2,Medium Risk
10133.0,0.0,6212.65,27225.1,Above_25000,361.83,1,1,3,Medium Risk
14205.0,0.0,5193.67,56826.41,Above_25000,0.0,3,1,2,Medium Risk
25893.0,0.0,8189.0,94453.32,Above_25000,1113.33,1,1,3,Low Risk
29357.0,0.0,22323.77,160938.24,Above_25000,49.17,2,1,3,High Risk
8906.0,6757.07,5417.74,40305.67,Above_25000,958.78,1,0,3,Medium Risk
5591.0,4205.56,3904.02,23090.92,Below_25000,0.0,0,1,4,Low Risk
30272.0,0.0,16369.92,74516.91,Above_25000,159.57,1,1,4,Medium Risk
33219.0,10438.66,11914.13,146912.74,Above_25000,653.47,0,1,2,Medium Risk
33602.0,24104.2,12183.85,82957.14,Above_25000,980.11,2,1,3,Low Risk
18149.0,28989.48,11665.86,60777.85,Above_25000,23.24,0,1,2,Low Risk
15150.0,17155.09,7804.57,38956.22,Above_25000,7504.28,1,1,3,Low Risk
10183.0,19056.73,4075.87,48555.54,Above_25000,0.0,3,1,4,Low Risk
24632.0,0.0,13444.08,69585.61,Above_25000,805.45,2,0,4,Medium Risk
28150.0,19854.03,9348.74,100423.37,Above_25000,773.38,1,0,3,Low Risk
34852.0,25449.65,20597.03,194568.23,Above_25000,0.0,2,0,3,Low Risk
13102.0,26521.54,5692.78,36911.81,Above_25000,184.41,2,0,4,Medium Risk
24492.0,0.0,17114.51,98732.65,Above_25000,463.27,1,1,4,Medium Risk
22988.0,15991.88,10463.7,84528.87,Above_25000,405.66,1,1,2,Medium Risk
20053.0,11731.54,10580.16,41559.77,Above_25000,617.74,3,1,4,Low Risk
23748.0,0.0,7262.38,122801.68,Above_25000,4009.89,2,0,3,Medium Risk
26713.0,0.0,8981.54,60803.69,Above_25000,255.41,2,1,2,Medium Risk
4283.0,12808.99,2125.42,16690.94,Below_25000,101.81,1,0,3,Low Risk
3923.0,26991.3,2118.3,16644.16,Below_25000,431.35,0,1,2,Low Risk
4125.0,29171.16,2475.04,18619.04,Below_25000,133.82,1,1,3,Very Low Risk
4529.0,0.0,2019.17,21533.25,Below_25000,76.14,2,1,4,Medium Risk
33430.0,6617.7,21645.62,100727.58,Above_25000,132.61,1,1,3,Medium Risk
29170.0,0.0,21295.89,59504.32,Above_25000,49.83,3,0,2,High Risk
11438.0,0.0,7891.37,55974.99,Above_25000,58.64,0,1,3,Medium Risk
23095.0,0.0,7386.0,95673.96,Above_25000,3608.66,1,1,2,Medium Risk
19154.0,0.0,10348.02,102367.99,Above_25000,1963.49,3,0,3,Low Risk
11004.0,0.0,3878.53,58162.23,Above_25000,383.97,2,0,4,Medium Risk
12752.0,0.0,5368.88,68520.38,Above_25000,79.47,1,1,4,Medium Risk
25658.0,11275.58,20355.29,101102.24,Above_25000,0.0,2,1,3,Medium Risk
13592.0,0.0,5046.0,45322.71,Above_25000,264.15,3,1,3,Medium Risk
29819.0,0.0,16383.87,154051.9,Above_25000,1068.53,2,1,3,Medium Risk
6864.0,0.0,4180.71,26118.73,Above_25000,336.7,3,1,2,Medium Risk
29515.0,0.0,19221.13,80687.19,Above_25000,1656.73,3,1,3,Low Risk
32601.0,0.0,18902.85,176694.03,Above_25000,0.0,3,0,3,Medium Risk
27217.0,0.0,8298.07,150516.53,Above_25000,0.0,1,1,2,Medium Risk
30645.0,0.0,14195.7,118450.25,Above_25000,904.63,2,1,4,Low Risk
26172.0,0.0,14626.37,60268.85,Above_25000,54.22,2,0,3,Medium Risk
3226.0,7708.87,1109.53,11456.51,Below_25000,545.75,0,1,3,Low Risk
18036.0,26630.91,8572.75,94042.42,Above_25000,507.77,0,1,4,Low Risk
14739.0,24186.41,4666.39,82642.99,Above_25000,284.85,0,0,4,Medium Risk
19648.0,0.0,6666.36,55287.33,Above_25000,3005.0,0,1,2,Low Risk
12587.0,0.0,6274.14,28545.99,Above_25000,1134.03,2,0,3,Medium Risk
14749.0,23467.31,5403.41,81258.17,Above_25000,37.51,3,1,3,Low Risk
33129.0,3775.85,19339.73,117860.38,Above_25000,227.65,3,1,2,Low Risk
3645.0,0.0,2350.05,15188.87,Below_25000,0.0,1,1,4,Medium Risk
33930.0,0.0,23760.95,199245.89,Above_25000,338.42,3,1,2,Medium Risk
19299.0,0.0,7721.05,43736.53,Above_25000,91.67,2,0,4,Medium Risk
26928.0,0.0,10333.39,123687.63,Above_25000,82.74,2,1,2,Medium Risk
33090.0,0.0,11657.07,75988.59,Above_25000,0.0,2,1,4,Medium Risk
24953.0,0.0,15426.32,87382.3,Above_25000,455.23,1,1,2,Medium Risk
22374.0,0.0,14615.54,116686.19,Above_25000,117.45,0,1,4,High Risk
16675.0,19747.89,5265.85,62262.6,Above_25000,0.0,3,0,4,Low Risk
29475.0,0.0,22639.93,176517.8,Above_25000,37.51,2,1,4,High Risk
21888.0,26353.61,7135.17,92722.76,Above_25000,0.0,2,1,4,Low Risk
13964.0,1915.34,7968.53,45866.83,Above_25000,223.77,0,0,4,Medium Risk
19087.0,0.0,12493.02,54979.06,Above_25000,164.82,2,1,3,High Risk
16537.0,15437.78,12162.71,56260.23,Above_25000,1408.11,3,1,4,Low Risk
16269.0,0.0,10689.44,56780.98,Above_25000,8.73,1,1,3,High Risk
12346.0,0.0,8652.87,28085.36,Above_25000,0.0,2,1,4,Medium Risk
3587.0,26851.43,1684.9,12476.65,Below_25000,0.0,3,1,3,Medium Risk
15763.0,5388.78,11150.94,60797.17,Above_25000,17.5,2,1,3,Medium Risk
29397.0,27649.71,9996.67,143779.29,Above_25000,0.0,0,1,2,Medium Risk
12177.0,2882.1,9101.19,56341.98,Above_25000,0.0,2,1,4,Low Risk
7079.0,26646.45,4061.9,34227.41,Above_25000,0.0,2,1,2,Very Low Risk
6348.0,0.0,4498.5,12908.37,Below_25000,1808.95,1,1,2,Low Risk
25683.0,0.0,13513.35,73727.41,Above_25000,0.0,0,1,4,Medium Risk
23215.0,0.0,14434.83,107874.0,Above_25000,8491.54,0,0,2,Medium Risk
28817.0,0.0,16229.77,113422.49,Above_25000,0.0,1,1,4,High Risk
27765.0,0.0,18485.79,56120.11,Above_25000,259.92,2,1,2,Medium Risk
33112.0,10674.22,11285.07,172777.71,Above_25000,2949.11,3,1,4,Low Risk
28556.0,0.0,9428.51,145385.4,Above_25000,8.72,0,1,4,Medium Risk
29274.0,0.0,12399.05,122765.69,Above_25000,0.0,0,0,4,Medium Risk
21099.0,7641.19,8012.82,47807.24,Above_25000,912.39,2,0,3,Medium Risk
13785.0,0.0,10144.27,69835.64,Above_25000,2149.35,2,1,2,Medium Risk
15328.0,25155.85,6278.46,66444.65,Above_25000,1543.41,0,1,3,Medium Risk
9450.0,0.0,7445.96,48458.09,Above_25000,0.0,2,1,2,Medium Risk
16230.0,0.0,7602.91,81263.41,Above_25000,2817.23,3,0,2,Medium Risk
32009.0,0.0,12517.41,166831.17,Above_25000,3138.94,0,1,2,Medium Risk
8433.0,0.0,5859.66,34339.45,Above_25000,1069.15,3,1,3,Medium Risk
4098.0,8219.67,2579.09,10496.2,Below_25000,88.45,3,1,2,Very Low Risk
10096.0,2643.5,5543.69,47296.02,Above_25000,0.0,2,1,3,Medium Risk
21710.0,24014.91,12541.47,97301.94,Above_25000,1382.78,3,1,4,Medium Risk
14439.0,26050.75,9523.98,71747.58,Above_25000,265.92,2,1,2,Medium Risk
12087.0,25215.33,5006.77,32387.41,Above_25000,1150.49,1,1,2,Very Low Risk
19021.0,0.0,15181.93,52876.49,Above_25000,0.0,2,1,4,High Risk
9416.0,0.0,7414.13,52368.38,Above_25000,0.0,3,1,4,High Risk
9980.0,0.0,6239.13,49899.11,Above_25000,504.98,1,1,2,Medium Risk
26147.0,27581.07,10452.82,147283.8,Above_25000,51.77,2,1,4,Low Risk
21058.0,0.0,13479.52,106024.11,Above_25000,0.0,3,1,3,Low Risk
14101.0,0.0,4739.33,61883.95,Above_25000,137.83,0,0,3,Medium Risk
10950.0,29424.39,3452.82,50551.01,Above_25000,960.08,0,1,2,Medium Risk
12122.0,0.0,5198.42,67356.03,Above_25000,73.39,2,1,3,Medium Risk
15576.0,0.0,8275.71,67213.98,Above_25000,7137.33,2,1,3,Low Risk
28299.0,0.0,20775.32,128182.17,Above_25000,0.0,0,1,2,Low Risk
30516.0,11512.46,20249.95,80132.17,Above_25000,1458.34,3,1,4,Low Risk
33991.0,0.0,22819.97,132418.22,Above_25000,322.39,3,1,2,Medium Risk
25433.0,6213.31,13040.69,123746.51,Above_25000,881.07,3,1,3,Medium Risk
4089.0,0.0,1933.96,12609.54,Below_25000,1210.39,2,1,2,High Risk
7578.0,0.0,3679.27,21286.73,Below_25000,298.95,1,1,2,High Risk
12127.0,20736.35,9626.71,39477.11,Above_25000,314.7,1,1,3,Low Risk
13487.0,10706.37,4316.58,40002.48,Above_25000,304.15,1,1,3,Medium Risk
3155.0,0.0,2314.24,9022.2,Below_25000,21.32,1,0,2,Medium Risk
28646.0,3296.05,16882.17,105973.11,Above_25000,0.0,1,1,3,Medium Risk
4958.0,29521.86,2574.73,27920.25,Above_25000,0.0,2,1,3,Low Risk
13693.0,0.0,9073.38,55158.67,Above_25000,242.26,2,1,3,Medium Risk
9344.0,15909.83,5076.92,25711.71,Above_25000,331.28,1,0,3,Low Risk
8779.0,6340.6,6467.59,20260.94,Below_25000,0.0,2,1,3,Medium Risk
31795.0,0.0,23857.41,152127.14,Above_25000,18.91,2,1,3,Medium Risk
25528.0,13419.33,13041.25,90144.35,Above_25000,209.16,1,0,4,Low Risk
24447.0,0.0,10717.9,129259.2,Above_25000,0.0,3,1,2,Medium Risk
6830.0,0.0,4071.88,31677.83,Above_25000,119.42,2,1,3,Low Risk
12046.0,6105.91,9108.96,62458.1,Above_25000,0.0,3,1,2,Low Risk
28215.0,21306.75,11436.42,87121.83,Above_25000,1439.88,2,0,4,Low Risk
29814.0,27263.55,18230.76,142195.96,Above_25000,165.15,2,1,3,Medium Risk
12794.0,77.67,7878.29,39101.64,Above_25000,46.6,1,1,2,Medium Risk
26043.0,0.0,17359.13,149910.64,Above_25000,434.78,2,0,3,High Risk
3441.0,21969.58,1258.66,15641.06,Below_25000,764.92,0,0,3,Medium Risk
25424.0,27215.87,16726.77,83849.55,Above_25000,0.0,0,0,3,Medium Risk
33510.0,0.0,25283.84,103145.37,Above_25000,194.77,1,1,3,Medium Risk
25309.0,0.0,9866.5,69946.64,Above_25000,424.61,3,1,3,High Risk
17478.0,0.0,7319.29,83519.74,Above_25000,0.0,3,1,3,Medium Risk
26742.0,0.0,21011.12,76879.57,Above_25000,111.14,3,1,3,Medium Risk
7628.0,0.0,2978.65,33419.89,Above_25000,929.27,0,1,4,Low Risk
9370.0,19584.49,6813.79,28658.52,Above_25000,884.29,3,1,4,Medium Risk
12528.0,0.0,6842.03,58228.59,Above_25000,0.0,3,0,3,High Risk
31276.0,10465.4,13249.0,164504.22,Above_25000,167.48,1,1,3,Low Risk
20332.0,14009.68,14951.64,103939.24,Above_25000,101.58,3,1,4,Low Risk
14565.0,14939.27,7612.44,73457.2,Above_25000,275.05,0,1,4,Very Low Risk
11179.0,0.0,6231.27,30752.2,Above_25000,395.84,0,1,4,Medium Risk
19013.0,0.0,9118.95,44747.85,Above_25000,54.13,0,1,3,Medium Risk
25499.0,29757.48,15209.53,122287.98,Above_25000,880.14,1,1,2,Low Risk
19843.0,7316.11,7575.3,68922.46,Above_25000,0.0,1,1,2,Low Risk
26952.0,0.0,13355.81,100514.38,Above_25000,0.0,2,1,2,Medium Risk
24030.0,0.0,18856.49,51054.05,Above_25000,0.0,3,1,2,Medium Risk
3392.0,0.0,1455.39,10305.93,Below_25000,70.08,1,1,3,Low Risk
15130.0,12593.41,9507.21,32298.1,Above_25000,135.2,0,1,2,Low Risk
21171.0,0.0,9793.6,116794.97,Above_25000,420.15,0,1,4,Medium Risk
32516.0,0.0,22329.93,96689.15,Above_25000,466.51,1,1,4,Medium Risk
26758.0,0.0,9778.36,113168.91,Above_25000,3075.75,1,0,2,Medium Risk
13449.0,0.0,10556.26,28994.93,Above_25000,1043.99,1,1,4,Low Risk
20522.0,0.0,10812.93,95784.17,Above_25000,610.76,2,1,3,Medium Risk
31384.0,0.0,13119.3,103319.56,Above_25000,147.44,0,1,2,Low Risk
24125.0,0.0,8124.05,134899.2,Above_25000,190.77,2,1,2,Low Risk
10418.0,4045.24,4009.67,57845.66,Above_25000,95.43,2,1,3,Low Risk
25746.0,0.0,14414.85,84991.73,Above_25000,0.0,3,1,4,Medium Risk
5454.0,0.0,2555.21,30563.36,Above_25000,5368.38,0,0,3,Medium Risk
29042.0,0.0,20748.82,173805.64,Above_25000,0.0,0,1,3,Medium Risk
23058.0,24766.22,11885.1,122245.74,Above_25000,530.16,1,1,4,Low Risk
20761.0,571.87,8810.08,111683.5,Above_25000,208.41,1,1,3,Low Risk
18223.0,24925.17,11090.02,54596.74,Above_25000,99.05,3,1,4,Low Risk
9701.0,19445.07,6338.52,41780.36,Above_25000,503.3,2,1,4,Low Risk
5597.0,0.0,2146.57,12699.73,Below_25000,0.0,1,0,3,High Risk
3141.0,0.0,1205.55,7474.55,Below_25000,0.0,1,1,4,Medium Risk
5659.0,18464.0,1801.46,33928.93,Above_25000,0.0,0,1,3,Low Risk
23980.0,0.0,16023.46,79291.24,Above_25000,208.62,0,0,4,Low Risk
12031.0,0.0,7602.42,60067.6,Above_25000,126.14,1,1,2,Low Risk
18037.0,0.0,9691.56,94273.27,Above_25000,561.5,0,1,4,Medium Risk
31194.0,0.0,22524.73,169448.71,Above_25000,2013.06,3,1,4,Low Risk
16970.0,0.0,11927.11,101659.01,Above_25000,1901.02,1,0,3,Medium Risk
8661.0,0.0,5133.18,25688.4,Above_25000,5277.7,0,0,4,Low Risk
9142.0,2878.26,6711.47,19759.55,Below_25000,60.29,3,1,2,Medium Risk
15109.0,20374.37,6087.73,55068.77,Above_25000,663.89,0,1,2,Low Risk
25010.0,13947.85,8902.55,63033.27,Above_25000,789.64,0,1,4,Low Risk
11787.0,201.03,5125.87,24631.34,Below_25000,44.07,0,1,4,Medium Risk
13096.0,0.0,4302.6,45072.6,Above_25000,0.0,1,1,2,Medium Risk
11472.0,0.0,6488.39,58908.18,Above_25000,12.97,2,1,3,Medium Risk
19807.0,11983.73,15217.77,84471.36,Above_25000,280.55,0,1,2,Low Risk
26383.0,0.0,8433.9,85774.09,Above_25000,33.91,3,1,2,Medium Risk
31941.0,11695.31,11532.46,147483.35,Above_25000,37363.86,1,1,4,Low Risk
7249.0,10850.64,3813.7,21225.6,Below_25000,339.72,1,1,4,Low Risk
17949.0,0.0,13765.76,36930.53,Above_25000,1677.03,3,1,2,Medium Risk
4750.0,0.0,2175.87,24022.71,Below_25000,0.0,0,1,3,High Risk
24141.0,27593.48,13364.88,108513.13,Above_25000,139.6,2,1,2,Medium Risk
21351.0,24690.64,6849.11,107805.69,Above_25000,0.0,0,1,2,Low Risk
7088.0,0.0,2652.13,15279.97,Below_25000,383.73,3,1,3,Medium Risk
23562.0,1994.78,18692.09,126020.85,Above_25000,0.0,1,0,2,High Risk
27173.0,1752.54,21264.49,121683.54,Above_25000,156.1,2,1,2,Low Risk
18282.0,0.0,5529.76,77763.98,Above_25000,0.0,1,1,4,Low Risk
22330.0,15034.55,17325.98,100450.53,Above_25000,352.86,3,1,3,Medium Risk
12641.0,3455.1,7831.86,68991.2,Above_25000,0.0,0,1,4,Low Risk
24778.0,16328.86,18186.04,107728.45,Above_25000,295.66,2,1,4,Medium Risk
27264.0,0.0,14378.21,117884.12,Above_25000,824.39,1,1,3,Low Risk
29907.0,2834.71,16682.07,178326.97,Above_25000,22551.43,1,1,3,Medium Risk
8075.0,10392.12,4396.22,40592.38,Above_25000,0.0,1,1,2,Low Risk
13412.0,5634.72,8495.59,50552.18,Above_25000,0.0,0,1,4,Medium Risk
18686.0,0.0,6910.56,90245.68,Above_25000,12064.48,2,1,3,Medium Risk
31365.0,0.0,9879.56,111562.85,Above_25000,3697.57,0,1,4,Low Risk
10230.0,0.0,4644.06,29825.58,Above_25000,921.2,0,0,4,Low Risk
18432.0,27553.01,12023.94,80868.7,Above_25000,495.69,0,1,3,Medium Risk
14002.0,25895.64,5613.78,79989.62,Above_25000,729.89,3,1,2,Low Risk
16947.0,0.0,10790.43,96878.51,Above_25000,12.02,3,1,4,Medium Risk
16686.0,0.0,13097.78,56192.13,Above_25000,36.76,3,1,3,Low Risk
32304.0,0.0,11207.88,132792.37,Above_25000,1496.61,2,1,2,Medium Risk
20915.0,6154.74,13308.24,59535.46,Above_25000,3518.03,0,0,4,Medium Risk
16074.0,21519.63,8388.62,96163.1,Above_25000,26.83,0,0,3,Low Risk
22374.0,25058.6,16424.11,132554.13,Above_25000,108.32,3,1,4,Low Risk
26539.0,25476.61,10312.39,122027.27,Above_25000,148.89,0,1,3,Low Risk
7493.0,267.52,4842.82,39095.9,Above_25000,0.0,0,1,3,Medium Risk
28719.0,0.0,20650.62,139585.85,Above_25000,636.81,1,1,4,Medium Risk
20317.0,10727.73,15690.96,88838.78,Above_25000,1233.21,0,1,4,Low Risk
4460.0,0.0,2861.64,9871.73,Below_25000,87.48,1,1,3,Medium Risk
17140.0,0.0,9402.79,65458.64,Above_25000,0.0,0,1,2,Medium Risk
22107.0,0.0,13461.47,103884.0,Above_25000,0.0,2,0,4,Medium Risk
34655.0,7330.91,25452.45,163229.43,Above_25000,0.0,3,1,3,Medium Risk
13704.0,0.0,8021.02,47861.09,Above_25000,4370.15,1,1,3,Medium Risk
19669.0,9581.13,6199.54,113426.56,Above_25000,445.95,3,0,2,Medium Risk
19648.0,0.0,15040.04,52448.92,Above_25000,7283.63,1,1,2,Low Risk
29943.0,0.0,19306.15,119815.05,Above_25000,1324.23,1,1,2,Medium Risk
9816.0,1745.24,6265.13,46758.87,Above_25000,157.8,1,1,4,Medium Risk
14639.0,15299.6,5970.33,70099.48,Above_25000,494.22,2,1,3,Low Risk
34539.0,0.0,21740.32,158691.36,Above_25000,183.57,0,0,3,Medium Risk
17424.0,0.0,8658.55,54034.49,Above_25000,78.15,1,1,3,Medium Risk
16965.0,11144.03,10613.58,44530.18,Above_25000,254.36,2,1,2,Medium Risk
32898.0,0.0,11622.75,149480.66,Above_25000,0.0,1,1,3,High Risk
32492.0,3906.04,20434.95,142874.1,Above_25000,169.84,0,1,4,Low Risk
21146.0,26138.64,16910.6,57462.65,Above_25000,282.42,1,1,2,Medium Risk
14240.0,0.0,4615.27,68644.73,Above_25000,166.25,2,1,2,Medium Risk
29957.0,10413.32,23623.7,114456.35,Above_25000,3062.83,0,1,2,Low Risk
29845.0,0.0,15025.58,139407.26,Above_25000,0.0,2,1,2,Medium Risk
3040.0,0.0,2235.55,16262.38,Below_25000,0.0,0,0,4,Medium Risk
8827.0,23601.95,6101.16,23646.77,Below_25000,258.53,0,0,3,Medium Risk
11259.0,0.0,6569.72,23380.21,Below_25000,0.0,3,0,4,High Risk
20371.0,0.0,13632.77,104226.4,Above_25000,459.87,3,1,3,Medium Risk
33471.0,0.0,24743.7,148570.73,Above_25000,0.0,3,1,4,Low Risk
17849.0,29367.34,8961.45,85649.47,Above_25000,0.0,0,1,2,Medium Risk
19232.0,0.0,8914.35,102941.59,Above_25000,5771.47,1,1,2,Low Risk
10804.0,0.0,6847.54,56302.28,Above_25000,136.13,2,1,4,Low Risk
27173.0,0.0,19127.7,158790.33,Above_25000,484.26,2,1,4,Medium Risk
25101.0,0.0,17097.36,104012.03,Above_25000,816.17,2,1,3,Medium Risk
31584.0,0.0,22074.27,124882.58,Above_25000,0.0,3,1,4,High Risk
33327.0,0.0,17256.44,120228.78,Above_25000,412.22,0,1,4,Medium Risk
22582.0,15013.91,16008.77,59046.6,Above_25000,107.73,3,1,3,Low Risk
8374.0,9192.24,3015.52,35928.05,Above_25000,1106.47,1,1,3,Low Risk
24174.0,0.0,13833.44,75134.0,Above_25000,512.39,0,1,3,Low Risk
26567.0,0.0,8046.6,151039.51,Above_25000,420.47,2,1,4,Medium Risk
5524.0,16255.73,2553.71,23934.18,Below_25000,23.31,3,1,3,Medium Risk
12277.0,5964.8,5932.62,53667.2,Above_25000,943.05,3,1,2,Low Risk
34600.0,24135.41,17233.79,118321.57,Above_25000,0.0,1,1,2,Medium Risk
21863.0,0.0,14161.4,48272.57,Above_25000,6.44,1,1,2,Medium Risk
12885.0,0.0,6368.79,27406.07,Above_25000,1053.2,3,1,4,Medium Risk
29891.0,3520.68,15673.25,110397.64,Above_25000,285.48,1,0,2,Low Risk
24538.0,5312.1,10275.83,57376.26,Above_25000,0.0,2,1,4,Low Risk
3778.0,18490.64,1838.47,16726.67,Below_25000,0.0,1,1,4,Medium Risk
32165.0,0.0,13304.56,177675.99,Above_25000,63.14,1,0,2,High Risk
29161.0,0.0,9815.53,161308.72,Above_25000,112.83,3,1,3,Medium Risk
4492.0,0.0,2702.95,20825.73,Below_25000,902.45,3,1,4,High Risk
33462.0,2453.19,21218.47,95196.96,Above_25000,974.41,0,1,2,Medium Risk
20044.0,17435.43,12221.73,109279.63,Above_25000,960.15,0,1,4,Low Risk
20732.0,11994.79,11024.18,114945.96,Above_25000,274.46,3,1,3,Low Risk
16615.0,0.0,8139.57,46299.6,Above_25000,20795.7,1,1,3,Low Risk
28875.0,15283.05,21126.88,142922.71,Above_25000,10.14,1,1,2,Low Risk
15132.0,15499.36,8466.97,47606.46,Above_25000,0.0,0,0,4,Low Risk
13178.0,0.0,7110.73,68664.78,Above_25000,589.77,0,1,4,Medium Risk
10851.0,0.0,3394.42,64986.11,Above_25000,0.0,0,0,4,Medium Risk
19288.0,6206.02,9077.39,40892.57,Above_25000,266.86,2,1,4,Low Risk
10156.0,12141.58,4977.43,56766.59,Above_25000,430.94,2,1,2,Low Risk
5044.0,8316.71,2519.03,22650.19,Below_25000,259.01,0,1,3,Low Risk
10368.0,0.0,6118.01,61104.12,Above_25000,50.96,1,0,2,High Risk
22900.0,0.0,12979.75,88394.87,Above_25000,1396.13,0,1,4,Medium Risk
33600.0,0.0,20292.81,181088.94,Above_25000,1409.99,2,1,4,Medium Risk
16635.0,0.0,11352.42,37421.7,Above_25000,4300.25,1,1,3,High Risk
28634.0,0.0,20229.72,95669.52,Above_25000,0.0,2,1,4,Low Risk
12168.0,0.0,8019.46,27597.83,Above_25000,1279.44,1,1,2,Medium Risk
23961.0,20629.83,18635.95,141402.79,Above_25000,0.0,2,1,2,Medium Risk
20111.0,0.0,6216.64,105942.65,Above_25000,335.69,1,1,3,Medium Risk
30103.0,0.0,11977.65,162862.94,Above_25000,0.0,1,1,2,High Risk
14328.0,553.56,4352.58,82412.66,Above_25000,95.93,1,1,2,Low Risk
16319.0,0.0,10178.77,38193.22,Above_25000,1025.15,1,1,2,Medium Risk
26852.0,18559.38,20112.56,95120.27,Above_25000,0.0,3,1,2,Low Risk
3342.0,24614.11,1409.46,7633.59,Below_25000,7779.14,2,1,4,Low Risk
4447.0,0.0,3395.36,12643.59,Below_25000,1907.46,2,1,2,Low Risk
29955.0,0.0,9889.15,87392.61,Above_25000,75.76,3,0,3,Low Risk
9581.0,8772.55,7350.72,37140.06,Above_25000,332.0,1,0,3,Low Risk
14851.0,0.0,7066.27,45655.67,Above_25000,0.0,1,0,2,Medium Risk
9317.0,0.0,3267.57,22397.25,Below_25000,896.97,2,0,3,Medium Risk
34278.0,12340.44,18610.76,91521.04,Above_25000,0.0,3,0,2,Very Low Risk
19910.0,0.0,8529.21,51549.03,Above_25000,201.21,1,1,3,Medium Risk
13088.0,0.0,5790.61,77118.52,Above_25000,2634.55,1,1,3,Low Risk
15946.0,0.0,7233.82,80322.71,Above_25000,13767.15,1,1,2,Medium Risk
29649.0,0.0,20799.16,174070.64,Above_25000,690.41,0,1,2,High Risk
32491.0,17774.5,18506.24,122132.43,Above_25000,172.69,3,0,4,Low Risk
26132.0,0.0,11907.15,81361.3,Above_25000,2021.96,1,0,2,Medium Risk
19789.0,7056.75,11975.65,102767.7,Above_25000,0.0,0,0,2,Low Risk
17567.0,20094.65,11560.41,58059.21,Above_25000,1145.12,3,1,4,Low Risk
17868.0,4319.1,7796.02,57133.53,Above_25000,401.32,1,0,2,High Risk
27370.0,0.0,13870.42,80194.76,Above_25000,3321.75,2,1,2,Low Risk
12765.0,0.0,4607.44,32151.41,Above_25000,95.34,0,1,4,Medium Risk
33483.0,0.0,13077.61,101314.61,Above_25000,366.07,0,1,2,Medium Risk
32176.0,0.0,20610.62,110083.07,Above_25000,7018.43,1,1,2,Medium Risk
23124.0,26245.08,9034.99,108589.77,Above_25000,390.65,1,1,4,Low Risk
15466.0,28805.2,8700.89,34802.51,Above_25000,420.31,0,0,4,Low Risk
31803.0,18377.83,20815.8,90385.01,Above_25000,560.76,2,0,3,Low Risk
21230.0,26840.94,7503.5,111162.29,Above_25000,103.06,2,1,2,Low Risk
20862.0,0.0,12176.23,53984.34,Above_25000,72.55,3,0,3,Medium Risk
13587.0,0.0,5819.06,45796.08,Above_25000,180.67,1,1,3,Low Risk
34259.0,14008.98,26772.16,187007.4,Above_25000,0.0,2,1,4,Low Risk
3771.0,0.0,2043.03,9878.89,Below_25000,2350.25,3,1,2,Medium Risk
24909.0,0.0,17510.93,58061.57,Above_25000,598.13,2,1,2,Medium Risk
33795.0,3575.27,19435.95,133089.85,Above_25000,3933.04,1,1,4,Low Risk
19300.0,23989.6,6208.93,61946.79,Above_25000,902.56,3,0,3,Low Risk
11770.0,0.0,7257.1,50065.27,Above_25000,0.0,3,0,4,Medium Risk
14093.0,17034.93,10931.96,73498.09,Above_25000,0.0,3,1,2,Low Risk
16803.0,0.0,10095.34,42824.02,Above_25000,4374.29,2,1,4,Medium Risk
3193.0,0.0,2265.74,13802.69,Below_25000,440.92,1,1,2,Medium Risk
5007.0,0.0,3715.71,20138.33,Below_25000,463.75,3,0,3,Medium Risk
20569.0,3571.14,8516.39,52992.23,Above_25000,82.0,0,1,2,Low Risk
21778.0,22682.35,8842.36,97913.76,Above_25000,1539.45,1,1,3,Very Low Risk
14190.0,0.0,8591.91,43911.83,Above_25000,193.48,0,1,3,Low Risk
33056.0,0.0,16710.28,130615.4,Above_25000,1203.39,0,1,2,Medium Risk
12984.0,1453.93,9347.58,30240.9,Above_25000,0.0,3,1,2,Low Risk
12302.0,24532.61,9226.64,47219.21,Above_25000,72.04,3,0,3,Low Risk
23389.0,18590.95,11149.79,75449.5,Above_25000,0.0,2,1,4,Low Risk
10429.0,0.0,4363.86,55164.45,Above_25000,212.27,2,1,2,Medium Risk
5261.0,8210.14,3631.47,11721.06,Below_25000,0.0,2,1,3,Low Risk
23120.0,0.0,10112.76,84952.8,Above_25000,667.35,1,1,3,Low Risk
31369.0,0.0,22312.99,120260.14,Above_25000,5270.64,2,0,4,Medium Risk
29512.0,0.0,15106.28,144609.52,Above_25000,93.46,0,1,2,Medium Risk
9716.0,0.0,6157.76,41751.11,Above_25000,7.27,2,1,3,Medium Risk
24259.0,0.0,8436.5,113261.62,Above_25000,8588.4,3,1,4,Medium Risk
31933.0,23974.89,19540.75,163120.06,Above_25000,0.0,2,1,3,Low Risk
11921.0,0.0,6269.06,64955.29,Above_25000,5710.04,1,1,2,Medium Risk
7378.0,0.0,4377.4,24019.09,Below_25000,0.0,1,0,4,High Risk
10815.0,0.0,4153.04,44904.86,Above_25000,457.11,0,1,3,Medium Risk
16778.0,0.0,11215.03,89937.33,Above_25000,154.06,1,1,4,Medium Risk
22835.0,0.0,16701.49,136046.47,Above_25000,0.0,2,0,2,High Risk
32033.0,0.0,13081.31,178041.89,Above_25000,514.96,3,1,4,Medium Risk
27000.0,15438.56,9392.15,94118.46,Above_25000,6398.16,1,1,2,Low Risk
15728.0,20236.69,4904.29,43734.32,Above_25000,906.26,0,1,3,Very Low Risk
13332.0,0.0,8278.98,52762.33,Above_25000,5764.8,2,1,2,High Risk
12836.0,0.0,7747.13,63750.84,Above_25000,1350.87,0,1,3,Low Risk
5800.0,3419.53,3325.42,23027.6,Below_25000,2943.39,1,1,3,Low Risk
32538.0,0.0,13534.95,127962.96,Above_25000,697.03,1,1,2,Medium Risk
33119.0,15189.88,16408.91,177283.41,Above_25000,370.82,0,1,3,Low Risk
11333.0,0.0,6768.5,39049.16,Above_25000,215.6,2,1,4,Low Risk
8410.0,27547.55,4611.9,45743.49,Above_25000,102.88,1,1,3,Low Risk
20839.0,22509.67,16543.93,75587.62,Above_25000,340.59,3,1,2,Medium Risk
26276.0,26307.44,9675.35,87050.61,Above_25000,89.77,1,1,4,Low Risk
33547.0,22368.65,21724.11,128014.0,Above_25000,218.68,2,1,4,Low Risk
33519.0,0.0,16831.88,169263.84,Above_25000,572.54,1,1,3,Medium Risk
8808.0,0.0,4528.19,22055.3,Below_25000,892.01,0,1,3,Medium Risk
9796.0,18517.58,6453.59,27288.49,Above_25000,3151.53,1,1,2,Low Risk
24180.0,27481.87,15625.55,140383.74,Above_25000,590.54,1,1,4,Low Risk
24477.0,0.0,19474.59,66136.03,Above_25000,835.18,2,0,2,Medium Risk
13288.0,0.0,4839.45,56751.84,Above_25000,294.25,0,1,3,High Risk
20709.0,0.0,7290.7,89406.09,Above_25000,408.06,2,1,4,Medium Risk
24360.0,0.0,16130.45,96429.01,Above_25000,452.7,1,1,2,Medium Risk
28789.0,0.0,16962.29,131824.28,Above_25000,0.0,3,0,2,Medium Risk
20543.0,1957.02,8978.94,59971.32,Above_25000,761.23,1,1,2,Medium Risk
7650.0,0.0,2598.78,32211.47,Above_25000,67.57,2,1,2,Medium Risk
32075.0,0.0,10996.24,111899.83,Above_25000,0.0,3,1,2,Medium Risk
7987.0,29900.02,5967.05,37112.95,Above_25000,113.19,2,1,4,Low Risk
18200.0,0.0,7205.99,46681.07,Above_25000,152.09,2,1,2,Medium Risk
7697.0,8386.98,3553.6,32970.17,Above_25000,436.03,0,1,4,Very Low Risk
33502.0,0.0,13847.32,91831.71,Above_25000,786.58,3,1,2,Medium Risk
19724.0,0.0,9418.17,61431.82,Above_25000,0.0,1,1,3,Medium Risk
6828.0,18237.39,2285.41,19629.4,Below_25000,147.2,2,0,3,Low Risk
21352.0,0.0,11947.08,58319.81,Above_25000,40.36,1,0,2,Medium Risk
20087.0,0.0,6705.17,106518.22,Above_25000,0.0,0,1,3,Medium Risk
15605.0,0.0,10926.28,49043.87,Above_25000,366.13,0,1,4,High Risk
34337.0,0.0,14313.59,196012.6,Above_25000,0.0,3,1,2,High Risk
8482.0,27688.14,4834.79,49871.67,Above_25000,555.44,0,1,4,Low Risk
30005.0,0.0,22204.89,128572.68,Above_25000,212.88,0,1,2,High Risk
25760.0,9882.48,16111.3,66254.84,Above_25000,0.0,1,1,3,Low Risk
21184.0,28145.92,12000.29,74105.72,Above_25000,1105.3,0,0,4,Low Risk
8463.0,0.0,3911.32,43930.83,Above_25000,1386.05,0,1,3,Low Risk
16860.0,0.0,7865.21,58496.83,Above_25000,3642.74,2,1,3,Medium Risk
7912.0,0.0,5022.09,18577.92,Below_25000,822.52,0,1,2,Medium Risk
7648.0,27986.73,6095.99,32329.16,Above_25000,437.25,2,1,4,Very Low Risk
3855.0,0.0,2432.2,20741.76,Below_25000,347.15,0,1,3,Medium Risk
29388.0,0.0,17012.47,152338.74,Above_25000,0.0,0,1,2,Low Risk
5866.0,2690.7,3902.8,15841.09,Below_25000,0.0,3,1,2,Low Risk
14834.0,0.0,7900.63,69587.16,Above_25000,25.9,3,0,2,Medium Risk
19294.0,1127.19,6368.39,55605.64,Above_25000,165.39,2,1,3,Low Risk
19566.0,0.0,11370.75,56209.79,Above_25000,3698.0,0,1,2,Low Risk
6112.0,0.0,4760.1,33593.31,Above_25000,24.84,1,1,4,High Risk
25054.0,0.0,9712.22,75128.82,Above_25000,675.61,3,1,4,Medium Risk
7492.0,14412.7,4832.36,22873.0,Below_25000,917.73,1,1,3,Low Risk
25207.0,0.0,10094.57,50479.88,Above_25000,0.0,3,1,4,Medium Risk
18114.0,0.0,10287.19,99313.2,Above_25000,0.0,3,1,2,Medium Risk
4517.0,28111.04,1573.44,23354.6,Below_25000,82.25,0,1,3,Low Risk
19018.0,0.0,9987.98,85758.17,Above_25000,536.17,3,1,2,Medium Risk
24386.0,27884.4,16535.7,121955.92,Above_25000,253.2,1,1,3,Low Risk
20740.0,17270.7,9826.32,54093.95,Above_25000,4080.9,3,1,3,Very Low Risk
29750.0,0.0,18815.56,114040.51,Above_25000,826.75,2,1,2,High Risk
23013.0,25122.84,16056.74,78356.45,Above_25000,0.0,0,0,4,Medium Risk
23012.0,0.0,17571.71,54655.94,Above_25000,630.38,0,0,4,Medium Risk
31672.0,0.0,13217.39,124930.9,Above_25000,146.18,2,1,3,Medium Risk
14431.0,20883.78,7210.56,82010.78,Above_25000,306.18,2,1,2,Medium Risk
31267.0,0.0,11762.9,67544.11,Above_25000,27.92,2,0,2,Low Risk
11210.0,28184.76,8925.87,35489.11,Above_25000,235.67,3,0,3,Medium Risk
14595.0,11962.43,11143.29,41306.24,Above_25000,913.64,0,0,4,Low Risk
15871.0,27499.0,9046.13,46860.5,Above_25000,313.33,2,1,2,Low Risk
15743.0,3021.38,11350.97,88691.94,Above_25000,0.0,3,0,4,Medium Risk
30580.0,15457.63,17139.45,118414.21,Above_25000,0.0,2,1,4,Low Risk
25516.0,42.01,15610.51,98624.38,Above_25000,1184.13,1,1,3,Medium Risk
12324.0,0.0,4246.38,62141.34,Above_25000,7988.44,1,1,3,Medium Risk
14531.0,2495.52,9846.72,38041.7,Above_25000,1906.03,0,1,4,Low Risk
9588.0,0.0,3488.66,37863.6,Above_25000,425.28,3,1,2,Low Risk
6311.0,0.0,4499.96,23476.55,Below_25000,297.53,1,1,2,High Risk
25432.0,25568.15,17573.87,111586.53,Above_25000,0.0,1,1,3,Medium Risk
30948.0,0.0,20251.52,185633.25,Above_25000,139.28,3,1,4,Medium Risk
34321.0,0.0,10916.83,174275.02,Above_25000,663.41,2,1,2,Medium Risk
25630.0,0.0,11573.59,92049.19,Above_25000,233.28,3,1,2,Low Risk
3987.0,27405.15,1720.61,21171.82,Below_25000,53.95,2,0,3,Medium Risk
6321.0,13551.92,3034.51,16958.19,Below_25000,0.0,1,1,4,Low Risk
18812.0,7577.7,6467.97,39916.33,Above_25000,168.65,1,1,2,Low Risk
7615.0,13896.93,5851.97,21457.5,Below_25000,42.04,1,1,3,Medium Risk
18512.0,0.0,10679.59,62230.79,Above_25000,2153.31,0,0,2,Low Risk
16146.0,0.0,7310.3,65267.35,Above_25000,2272.68,0,1,2,Low Risk
27749.0,29237.22,13832.62,123774.87,Above_25000,0.0,0,1,2,Low Risk
16654.0,0.0,8720.06,93968.91,Above_25000,180.47,3,1,3,Medium Risk
23125.0,1634.8,13881.87,93411.5,Above_25000,0.0,1,1,4,Low Risk
6052.0,19671.22,3376.05,24238.88,Below_25000,153.86,1,1,3,Medium Risk
25958.0,0.0,19720.19,57132.83,Above_25000,0.0,3,1,4,Medium Risk
3726.0,16951.25,2043.64,7972.32,Below_25000,215.35,0,0,2,Low Risk
6760.0,0.0,5381.49,28423.37,Above_25000,228.89,3,0,4,Medium Risk
25190.0,0.0,18280.7,94530.88,Above_25000,4314.23,0,1,2,Low Risk
4875.0,0.0,1970.74,26114.02,Above_25000,0.0,1,1,2,Low Risk
26377.0,9841.43,20186.25,69706.98,Above_25000,0.0,2,1,3,Very Low Risk
16969.0,25347.21,6078.01,35632.98,Above_25000,562.27,0,1,2,Low Risk
7033.0,0.0,4984.46,26698.36,Above_25000,53.26,1,1,3,Medium Risk
8443.0,0.0,4139.7,24906.13,Below_25000,452.44,1,1,4,Medium Risk
20373.0,27492.98,15055.39,44789.17,Above_25000,0.0,2,1,4,Medium Risk
6744.0,17206.49,4950.29,33034.76,Above_25000,488.18,1,1,2,Medium Risk
30262.0,187.05,21273.06,74032.11,Above_25000,805.96,1,0,3,Medium Risk
27995.0,0.0,19456.95,124109.62,Above_25000,176.26,0,1,2,Medium Risk
19977.0,22599.49,9036.39,62412.12,Above_25000,606.75,0,1,3,Low Risk
34204.0,1561.45,11645.08,92145.04,Above_25000,143.01,2,1,3,Medium Risk
4774.0,29791.68,2394.11,16799.74,Below_25000,82.8,2,0,3,High Risk
13651.0,26937.18,5279.69,71064.15,Above_25000,1593.22,1,1,4,Very Low Risk
3935.0,0.0,2547.82,14041.55,Below_25000,1885.87,0,0,3,Medium Risk
16395.0,0.0,7755.65,82025.47,Above_25000,550.13,2,1,4,Low Risk
32808.0,0.0,25846.31,82083.82,Above_25000,1301.83,2,1,3,Medium Risk
6808.0,0.0,4224.27,34660.11,Above_25000,0.0,3,1,4,Medium Risk
19715.0,5883.52,14022.1,58114.56,Above_25000,1383.72,2,1,4,Low Risk
14641.0,6006.34,5362.45,68952.85,Above_25000,3429.31,1,1,4,Medium Risk
27306.0,17822.23,19960.88,116408.92,Above_25000,997.95,0,1,2,Medium Risk
22086.0,0.0,16815.81,126256.36,Above_25000,333.12,2,1,3,Medium Risk
17376.0,0.0,9444.39,61672.46,Above_25000,54.55,3,1,2,Medium Risk
31582.0,9907.67,19047.94,71522.52,Above_25000,911.68,0,1,3,Low Risk
8889.0,0.0,6065.9,18459.09,Below_25000,0.0,2,1,3,Medium Risk
8054.0,0.0,3120.28,42746.08,Above_25000,2075.24,3,0,2,Low Risk
6868.0,0.0,3786.21,28151.54,Above_25000,248.26,2,1,4,Medium Risk
23584.0,21157.72,11776.23,120301.42,Above_25000,171.64,0,1,3,Low Risk
19585.0,4847.67,7308.87,57534.9,Above_25000,0.0,0,1,4,Low Risk
21881.0,0.0,10585.31,73965.11,Above_25000,100.71,0,1,2,Low Risk
4842.0,0.0,1617.65,10267.05,Below_25000,844.3,1,1,4,Medium Risk
13058.0,0.0,4085.93,76336.67,Above_25000,0.0,2,1,3,Medium Risk
29572.0,19177.25,10870.17,138144.76,Above_25000,813.31,1,1,3,Low Risk
32961.0,27185.26,25760.92,188959.49,Above_25000,507.58,0,1,3,Medium Risk
12101.0,0.0,6955.23,37053.09,Above_25000,216.62,3,0,2,Medium Risk
15497.0,0.0,12132.77,68897.41,Above_25000,0.0,2,1,3,High Risk
7658.0,3530.92,3953.43,36099.81,Above_25000,2941.54,1,1,2,Low Risk
14381.0,21277.43,6556.41,47028.73,Above_25000,565.37,2,1,4,Low Risk
34432.0,27823.24,19043.34,185672.39,Above_25000,0.0,3,0,3,Low Risk
10544.0,0.0,5480.31,61035.48,Above_25000,822.36,1,1,3,Low Risk
10718.0,0.0,3781.66,59371.51,Above_25000,233.19,0,1,3,High Risk
16851.0,16575.4,10454.58,83518.07,Above_25000,0.0,1,0,4,Medium Risk
20154.0,28289.22,8223.22,62676.09,Above_25000,0.0,2,1,3,Very Low Risk
22539.0,22455.55,13744.15,70467.38,Above_25000,2714.07,2,1,2,Low Risk
30077.0,13732.83,18801.15,176053.95,Above_25000,3308.19,2,1,4,Low Risk
30290.0,0.0,11389.42,61826.07,Above_25000,254.41,2,1,4,Medium Risk
32300.0,19721.75,10680.8,157113.66,Above_25000,1088.48,0,1,4,Low Risk
14777.0,0.0,10201.76,71298.8,Above_25000,237.82,1,1,4,Medium Risk
4628.0,8659.66,2452.38,20783.23,Below_25000,43.45,0,1,4,Low Risk
33373.0,0.0,10982.45,198917.61,Above_25000,171.57,0,0,2,High Risk
3386.0,0.0,2700.11,10996.1,Below_25000,1202.95,0,1,4,Medium Risk
9031.0,0.0,2970.21,30343.14,Above_25000,1842.39,2,0,3,Medium Risk
30997.0,0.0,20071.1,71781.54,Above_25000,401.6,2,1,4,Medium Risk
9439.0,0.0,7474.17,35596.29,Above_25000,144.77,2,1,4,High Risk
25785.0,10724.62,10819.13,78494.54,Above_25000,0.0,1,1,4,Medium Risk
16392.0,8833.46,6083.48,55299.18,Above_25000,251.17,3,1,4,Medium Risk
23392.0,21449.2,8437.32,124873.21,Above_25000,279.26,2,0,4,Low Risk
31669.0,7626.23,14302.91,181841.44,Above_25000,0.0,1,1,2,Medium Risk
31939.0,0.0,11195.35,87606.51,Above_25000,69.54,2,1,2,High Risk
21850.0,4811.56,14116.86,76257.28,Above_25000,687.27,2,1,4,Very Low Risk
5282.0,0.0,1749.11,30184.11,Above_25000,468.35,0,0,2,Medium Risk
4856.0,0.0,2693.68,10912.57,Below_25000,265.2,0,1,3,Medium Risk
18670.0,0.0,14905.17,44237.48,Above_25000,0.0,0,1,4,High Risk
27364.0,27803.49,19345.94,72546.45,Above_25000,897.2,1,0,3,High Risk
4998.0,0.0,3036.83,21895.49,Below_25000,925.05,3,1,3,Low Risk
34705.0,0.0,15725.77,90298.56,Above_25000,2672.51,3,0,4,Low Risk
8476.0,8949.68,5186.87,49773.66,Above_25000,2732.55,1,1,3,Low Risk
12428.0,0.0,7003.44,47063.07,Above_25000,874.89,2,1,3,Medium Risk
7669.0,0.0,3934.52,30722.56,Above_25000,317.44,1,1,3,Low Risk
15336.0,13051.29,5603.09,45803.03,Above_25000,153.23,2,0,4,Medium Risk
12342.0,19511.8,9173.83,47934.37,Above_25000,1462.21,1,1,4,Low Risk
23702.0,0.0,12441.0,110158.71,Above_25000,68.39,1,1,3,Medium Risk
10064.0,18493.82,3998.54,50367.39,Above_25000,458.8,1,1,4,Low Risk
10446.0,0.0,5054.61,52391.62,Above_25000,99.35,3,1,4,Medium Risk
20815.0,11929.67,10554.56,89745.21,Above_25000,1746.18,0,1,3,Very Low Risk
8624.0,0.0,6155.54,48444.79,Above_25000,1358.94,1,1,4,Medium Risk
10461.0,20830.02,6975.47,55125.61,Above_25000,421.91,3,0,2,Low Risk
4819.0,0.0,3299.34,24230.86,Below_25000,31187.75,0,1,4,Medium Risk
13516.0,0.0,4129.35,30038.26,Above_25000,132.5,0,1,2,Low Risk
16749.0,0.0,8509.78,33958.8,Above_25000,0.0,1,1,3,Medium Risk
20514.0,0.0,11091.35,58460.57,Above_25000,0.0,2,1,4,Low Risk
33353.0,0.0,10325.96,155228.01,Above_25000,0.0,2,1,3,Medium Risk
25947.0,24715.59,11154.79,94571.36,Above_25000,266.07,2,1,3,Low Risk
5658.0,0.0,3848.26,20423.26,Below_25000,477.11,1,1,3,Medium Risk
6500.0,0.0,2395.61,35999.26,Above_25000,5824.04,2,1,3,Medium Risk
27950.0,17198.74,15865.96,156023.93,Above_25000,432.95,3,1,3,Medium Risk
5120.0,15648.49,2086.92,28859.91,Above_25000,0.0,3,1,4,Medium Risk
7020.0,0.0,2148.54,22853.7,Below_25000,36.24,3,1,2,Low Risk
13213.0,0.0,5557.4,62949.68,Above_25000,324.64,3,1,4,Low Risk
31281.0,23614.29,24647.45,96549.83,Above_25000,12444.61,0,1,4,Low Risk
32725.0,0.0,22932.65,90400.83,Above_25000,0.0,3,1,4,High Risk
6259.0,14568.37,4880.7,17140.46,Below_25000,0.0,2,1,4,Low Risk
31011.0,0.0,16867.72,104458.4,Above_25000,5465.42,1,1,2,Low Risk
13081.0,0.0,4642.03,48659.1,Above_25000,162.04,2,0,4,Medium Risk
4823.0,26853.72,2768.3,25676.67,Above_25000,135.62,3,1,3,Very Low Risk
20858.0,8604.83,10996.1,51718.75,Above_25000,0.0,0,1,4,Medium Risk
21626.0,14667.3,15617.83,106826.03,Above_25000,14323.56,3,1,4,Very Low Risk
16467.0,0.0,5747.66,67939.87,Above_25000,1603.78,1,1,2,Low Risk
22627.0,1498.59,12311.82,71315.36,Above_25000,448.48,2,0,2,High Risk
9990.0,28892.16,3746.49,39673.07,Above_25000,3030.98,1,1,3,Very Low Risk
24544.0,0.0,11347.62,78535.11,Above_25000,0.0,1,1,4,High Risk
6134.0,0.0,4101.67,26893.47,Above_25000,0.0,1,0,4,Medium Risk
21454.0,0.0,11542.45,80138.75,Above_25000,3821.62,2,1,4,Low Risk
19743.0,25090.74,9633.48,52469.43,Above_25000,2947.9,3,0,3,Low Risk
18434.0,14815.06,9166.09,45464.37,Above_25000,235.28,1,0,2,Medium Risk
34279.0,0.0,18158.39,143518.73,Above_25000,1921.15,2,1,3,Low Risk
18007.0,0.0,12470.0,101013.01,Above_25000,2849.96,0,1,4,Medium Risk
13233.0,0.0,9872.38,44672.37,Above_25000,321.14,2,0,2,High Risk
19378.0,3708.83,15069.64,95572.3,Above_25000,0.0,0,1,2,Medium Risk
4141.0,0.0,2871.58,19192.07,Below_25000,68.16,2,1,3,Medium Risk
21019.0,8303.82,9620.47,120359.41,Above_25000,396.19,3,1,2,Low Risk
33075.0,20015.02,21302.53,174765.79,Above_25000,0.0,1,1,2,Low Risk
23384.0,21279.31,12131.66,99765.99,Above_25000,0.0,3,0,4,Low Risk
13135.0,8391.71,5613.05,60790.38,Above_25000,56.14,2,1,4,Very Low Risk
15966.0,0.0,11502.48,89306.55,Above_25000,2891.99,1,0,2,Medium Risk
6361.0,0.0,2030.52,22887.36,Below_25000,2052.35,0,1,2,Low Risk
25967.0,0.0,19498.13,85877.51,Above_25000,2886.35,2,1,3,Medium Risk
10835.0,25752.4,5750.55,22138.55,Below_25000,0.0,1,1,3,Medium Risk
14172.0,0.0,8766.81,75199.53,Above_25000,252.89,0,1,2,Low Risk
19390.0,10535.17,12209.44,100904.06,Above_25000,637.0,0,0,4,Low Risk
6267.0,0.0,4684.95,15152.47,Below_25000,703.87,3,0,2,Medium Risk
9564.0,0.0,5913.75,41196.26,Above_25000,3791.61,2,1,2,Low Risk
29167.0,0.0,17703.4,112465.82,Above_25000,531.91,0,1,4,High Risk
24312.0,7599.73,8103.82,60168.22,Above_25000,479.75,1,1,4,Medium Risk
30840.0,0.0,17245.85,182642.9,Above_25000,1338.76,0,1,3,Medium Risk
21990.0,22361.44,8248.11,62864.65,Above_25000,24.79,0,1,3,Medium Risk
14411.0,1259.23,9636.88,32697.65,Above_25000,3779.86,3,0,3,Medium Risk
8906.0,0.0,4952.72,39002.84,Above_25000,0.0,3,1,3,Low Risk
19028.0,0.0,12180.09,94292.62,Above_25000,0.0,1,1,4,Medium Risk
22657.0,0.0,7269.19,48254.28,Above_25000,1051.76,3,1,2,Low Risk
10611.0,0.0,3633.16,49180.61,Above_25000,0.0,0,1,3,Medium Risk
20297.0,0.0,13358.71,83809.71,Above_25000,21642.7,0,1,3,Low Risk
5011.0,0.0,1683.91,12091.84,Below_25000,237.02,3,0,4,Medium Risk
20826.0,27937.13,6989.8,56023.93,Above_25000,2291.62,0,0,4,Low Risk
24930.0,27806.64,7629.93,106498.4,Above_25000,780.67,0,1,2,Low Risk
14246.0,17342.34,11086.96,45379.64,Above_25000,129.14,1,1,2,Low Risk
16790.0,0.0,11228.38,96597.28,Above_25000,2308.02,3,1,4,Medium Risk
14738.0,9645.14,7024.51,77742.37,Above_25000,712.4,0,1,3,Low Risk
31797.0,26600.62,14253.57,188691.95,Above_25000,736.95,3,1,3,Low Risk
17730.0,0.0,8419.12,53875.86,Above_25000,598.65,1,1,3,High Risk
32488.0,8874.66,22329.87,190993.53,Above_25000,838.05,3,1,2,Low Risk
14120.0,0.0,8905.28,52596.09,Above_25000,1529.43,0,1,3,Medium Risk
21213.0,25834.26,8328.18,71913.66,Above_25000,223.37,3,1,3,Low Risk
11767.0,18250.48,4554.47,25903.85,Above_25000,386.73,0,1,4,Medium Risk
25852.0,0.0,9027.46,57160.35,Above_25000,2096.58,0,1,3,High Risk
16703.0,18319.47,10525.42,79640.66,Above_25000,100.11,0,1,4,Medium Risk
3929.0,1985.9,2680.31,15054.81,Below_25000,0.0,1,1,3,Medium Risk
14951.0,5704.1,6466.65,43448.9,Above_25000,434.36,3,1,2,Low Risk
23083.0,0.0,7166.64,102855.11,Above_25000,2103.87,1,0,3,Low Risk
29039.0,0.0,9904.79,87448.99,Above_25000,976.91,3,1,3,Medium Risk
30851.0,7400.05,24185.02,132984.07,Above_25000,225.38,1,1,4,Low Risk
18845.0,0.0,8437.33,64767.16,Above_25000,224.81,2,1,4,Low Risk
32504.0,0.0,22252.61,172082.97,Above_25000,155.41,0,1,4,High Risk
20438.0,0.0,12514.84,107969.55,Above_25000,77.22,0,1,3,Medium Risk
18747.0,0.0,9204.21,73289.55,Above_25000,520.53,1,1,3,Medium Risk
8744.0,12734.32,3522.46,29758.25,Above_25000,587.42,2,1,2,Low Risk
21284.0,24936.68,7676.99,73434.89,Above_25000,1121.17,0,1,3,Low Risk
12649.0,0.0,7684.35,66063.93,Above_25000,0.0,3,1,2,Medium Risk
9980.0,0.0,6859.42,33060.92,Above_25000,1074.79,1,0,4,High Risk
10069.0,0.0,6262.44,28558.08,Above_25000,0.0,0,1,4,Medium Risk
12591.0,0.0,7115.82,29447.24,Above_25000,7472.69,0,1,4,Medium Risk
22799.0,0.0,7317.92,88158.55,Above_25000,119.0,1,1,2,Medium Risk
3442.0,22615.84,2699.37,13521.99,Below_25000,3153.91,1,1,3,Very Low Risk
31226.0,16899.33,21838.12,167484.86,Above_25000,796.45,3,1,4,Low Risk
25602.0,19502.52,11429.01,73860.61,Above_25000,0.0,3,1,3,Low Risk
7652.0,0.0,6044.97,26965.38,Above_25000,268.32,0,1,3,Medium Risk
27323.0,9098.26,16419.51,142998.28,Above_25000,0.0,0,1,4,Medium Risk
27217.0,0.0,16091.0,144100.26,Above_25000,0.0,1,1,2,Medium Risk
12370.0,790.66,8337.83,43770.56,Above_25000,0.0,0,0,3,Medium Risk
10597.0,1400.62,7480.26,40655.35,Above_25000,0.0,0,1,4,Medium Risk
17325.0,0.0,10884.25,55667.71,Above_25000,518.24,1,0,3,Medium Risk
7458.0,0.0,2715.07,42735.98,Above_25000,990.27,0,1,3,Medium Risk
9591.0,0.0,4499.46,23733.65,Below_25000,174.88,0,1,3,Medium Risk
19346.0,12597.52,14781.15,110949.27,Above_25000,280.16,2,0,3,Medium Risk
28833.0,0.0,11888.07,136537.69,Above_25000,2262.0,3,1,3,Medium Risk
14826.0,23765.31,7206.67,61176.35,Above_25000,291.72,1,1,2,Low Risk
29417.0,0.0,15180.3,62676.93,Above_25000,992.96,2,1,2,Medium Risk
21693.0,13298.89,11273.91,84654.43,Above_25000,216.72,3,1,4,Medium Risk
17138.0,0.0,10393.68,62227.95,Above_25000,2636.38,3,1,2,Low Risk
25652.0,9862.62,19791.49,67846.34,Above_25000,773.77,3,1,2,Very Low Risk
20294.0,20635.83,8530.51,93872.71,Above_25000,0.0,2,1,2,Medium Risk
23724.0,11486.02,8558.45,139606.34,Above_25000,0.0,2,1,3,Low Risk
32213.0,0.0,12844.46,136865.15,Above_25000,55.19,3,1,3,Low Risk
23393.0,18819.09,17391.82,113666.89,Above_25000,1262.62,0,1,4,Low Risk
26012.0,10237.66,16203.02,59146.13,Above_25000,47.73,0,1,4,Medium Risk
5169.0,12239.98,2289.63,18973.68,Below_25000,586.41,2,1,4,Low Risk
21556.0,0.0,15261.08,53144.89,Above_25000,552.95,2,1,3,Medium Risk
25052.0,25600.04,18305.12,111511.05,Above_25000,861.3,2,1,2,Medium Risk
9313.0,0.0,6735.69,53586.34,Above_25000,38.72,3,1,2,Medium Risk
11315.0,0.0,8593.33,52582.06,Above_25000,734.46,0,0,3,Medium Risk
11036.0,0.0,4702.67,25462.39,Above_25000,3213.19,2,1,4,Low Risk
34778.0,0.0,23562.82,118894.33,Above_25000,205.61,2,1,4,High Risk
30734.0,0.0,16297.31,129164.35,Above_25000,0.0,1,1,4,Medium Risk
26173.0,0.0,18870.71,94558.63,Above_25000,235.42,3,0,3,High Risk
33403.0,0.0,22187.79,178190.84,Above_25000,1786.41,1,0,4,Medium Risk
3785.0,0.0,2604.93,19904.12,Below_25000,152.41,0,1,4,Medium Risk
9139.0,0.0,5740.03,40644.09,Above_25000,292.4,1,0,3,Low Risk
9344.0,18177.68,3632.15,32646.36,Above_25000,1702.65,1,1,2,Low Risk
21800.0,5365.26,12480.79,65865.33,Above_25000,148.45,1,0,3,Medium Risk
28372.0,0.0,22480.12,68759.46,Above_25000,0.0,3,1,3,High Risk
31748.0,2238.46,24404.5,108565.17,Above_25000,219.72,0,1,3,Low Risk
23538.0,3245.17,7569.51,85977.02,Above_25000,407.95,1,0,3,Medium Risk
34150.0,0.0,13059.21,160617.41,Above_25000,1838.19,3,1,2,Low Risk
17973.0,0.0,6575.68,83262.43,Above_25000,0.0,0,1,4,Medium Risk
8619.0,0.0,5714.31,19655.05,Below_25000,268.9,2,0,3,High Risk
4936.0,17550.95,3499.09,17676.0,Below_25000,0.0,1,1,2,Medium Risk
29732.0,29948.99,12093.66,81082.6,Above_25000,0.0,0,1,4,Low Risk
6807.0,0.0,3763.77,17883.7,Below_25000,351.02,1,1,4,Low Risk
10151.0,22705.66,7312.29,53893.78,Above_25000,929.75,2,1,4,Low Risk
12493.0,8772.05,8325.34,27080.59,Above_25000,1384.12,0,1,3,Medium Risk
15355.0,28886.39,8769.53,56456.21,Above_25000,162.5,3,1,3,Medium Risk
30716.0,0.0,18281.36,82098.17,Above_25000,66.78,0,1,4,Medium Risk
6236.0,17898.93,3455.87,34406.01,Above_25000,1169.88,3,1,4,Low Risk
18848.0,29499.92,8458.5,79692.4,Above_25000,56.76,0,1,4,Medium Risk
5352.0,24247.37,3117.6,15657.4,Below_25000,107.02,3,1,4,Medium Risk
4932.0,29761.0,3178.39,19775.89,Below_25000,1257.28,2,1,4,Low Risk
13913.0,0.0,10249.17,68534.68,Above_25000,836.7,2,1,4,Medium Risk
11556.0,0.0,7143.29,67400.05,Above_25000,780.98,2,1,2,High Risk
24300.0,0.0,16537.63,70027.35,Above_25000,218.92,0,0,4,High Risk
8498.0,0.0,3229.54,47119.09,Above_25000,0.0,2,1,3,Medium Risk
13582.0,0.0,7209.04,77922.87,Above_25000,116.49,1,0,3,High Risk
20330.0,3743.21,6193.86,115183.32,Above_25000,22.1,2,1,3,Low Risk
34618.0,0.0,14655.16,157223.1,Above_25000,34.06,3,1,4,High Risk
16865.0,0.0,11185.39,76217.7,Above_25000,0.0,3,1,3,Medium Risk
12569.0,0.0,10003.73,45409.82,Above_25000,407.82,3,1,2,Medium Risk
20823.0,0.0,7279.49,104314.72,Above_25000,1274.22,0,1,4,High Risk
30756.0,18986.06,15400.98,126873.92,Above_25000,1097.57,1,1,3,Low Risk
27114.0,6980.64,18980.76,127700.22,Above_25000,389.32,2,1,2,Medium Risk
7857.0,3733.22,3158.65,29179.58,Above_25000,0.0,1,1,2,Low Risk
3340.0,25943.9,1928.99,16452.79,Below_25000,0.0,1,0,3,Medium Risk
14181.0,0.0,9452.14,75129.32,Above_25000,201.98,3,1,2,Medium Risk
19766.0,0.0,12017.58,51109.84,Above_25000,4571.74,3,1,3,Low Risk
32675.0,18873.24,12874.35,174213.91,Above_25000,349.5,3,1,2,High Risk
29132.0,0.0,13916.13,121223.67,Above_25000,1884.54,0,1,4,Medium Risk
11491.0,17925.84,7950.58,61806.22,Above_25000,0.0,1,1,4,Very Low Risk
3138.0,0.0,1810.98,11689.7,Below_25000,0.0,1,1,4,Low Risk
3358.0,3742.34,1016.18,11807.27,Below_25000,200.84,0,1,4,Low Risk
24315.0,1354.35,16546.25,137628.81,Above_25000,0.0,0,1,4,Medium Risk
12714.0,7020.12,4038.67,38201.46,Above_25000,88.32,0,1,3,Low Risk
22840.0,0.0,15368.28,122807.24,Above_25000,386.15,1,1,4,Medium Risk
4627.0,24159.1,1856.54,18212.25,Below_25000,0.0,1,1,4,Low Risk
33654.0,0.0,26217.7,136513.47,Above_25000,545.09,3,0,4,Medium Risk
28879.0,0.0,13976.58,93391.02,Above_25000,0.0,3,1,4,Medium Risk
18996.0,0.0,8804.0,81534.04,Above_25000,227.08,1,1,2,High Risk
26010.0,0.0,9739.29,85854.97,Above_25000,0.0,3,1,4,Medium Risk
8004.0,0.0,3624.23,17265.25,Below_25000,566.78,0,1,4,Medium Risk
28710.0,0.0,21197.32,88656.32,Above_25000,2658.36,2,1,3,Medium Risk
34585.0,28535.01,27604.61,70052.48,Above_25000,298.01,3,0,2,Medium Risk
29762.0,0.0,14409.41,175995.18,Above_25000,69.14,1,1,3,Medium Risk
16283.0,0.0,8537.26,95467.05,Above_25000,201.24,3,1,4,Medium Risk
34154.0,20528.76,22577.01,122292.54,Above_25000,84.02,3,0,3,Medium Risk
9652.0,0.0,7172.38,47424.94,Above_25000,4306.93,3,1,3,Medium Risk
25800.0,5906.49,15390.27,87287.19,Above_25000,1350.45,2,1,4,Medium Risk
22554.0,0.0,11181.44,105651.34,Above_25000,691.79,0,0,2,Medium Risk
23219.0,25328.07,11756.03,121243.12,Above_25000,733.06,1,1,2,Low Risk
27401.0,0.0,17750.62,158570.27,Above_25000,361.26,2,0,3,Medium Risk
5151.0,4833.77,1553.59,18547.97,Below_25000,52.49,1,1,4,Medium Risk
12429.0,4715.11,7579.14,63800.44,Above_25000,0.0,1,1,3,Medium Risk
17072.0,27145.86,8156.09,52303.72,Above_25000,11.04,1,1,3,Very Low Risk
14927.0,0.0,10405.59,88984.76,Above_25000,0.0,2,1,3,Medium Risk
9905.0,11588.4,3432.04,20830.99,Below_25000,495.83,0,0,4,Medium Risk
22218.0,27024.13,13199.74,98072.81,Above_25000,453.17,1,1,4,Low Risk
15452.0,0.0,8351.6,71666.75,Above_25000,137.64,0,1,2,Low Risk
28574.0,18922.23,17749.1,135788.85,Above_25000,0.0,0,1,4,Low Risk
19212.0,0.0,6386.58,47675.54,Above_25000,997.86,3,0,3,Medium Risk
21951.0,0.0,12950.91,126308.67,Above_25000,730.48,2,1,3,Medium Risk
4307.0,0.0,2501.26,11735.43,Below_25000,78.44,2,1,2,Medium Risk
17852.0,0.0,10360.05,80173.58,Above_25000,142.75,3,1,4,Medium Risk
28232.0,0.0,16988.43,81610.36,Above_25000,1096.1,3,1,3,Low Risk
5660.0,8016.34,3612.4,18275.38,Below_25000,270.73,0,1,2,Very Low Risk
13403.0,22210.69,9415.53,56102.74,Above_25000,0.0,1,1,2,Medium Risk
29485.0,0.0,12823.33,108173.79,Above_25000,95.06,2,0,3,Medium Risk
23114.0,17960.48,16469.3,61041.82,Above_25000,302.59,1,1,3,Medium Risk
13238.0,3314.62,7269.35,35527.42,Above_25000,0.0,1,1,4,Medium Risk
9207.0,0.0,3116.84,33813.44,Above_25000,291.89,3,1,2,Medium Risk
22546.0,5181.12,7423.84,113386.81,Above_25000,92.55,1,1,3,Low Risk
4140.0,21628.15,1933.87,23150.29,Below_25000,25.33,0,1,2,Low Risk
33561.0,1277.53,23239.26,78415.63,Above_25000,947.35,3,1,4,Very Low Risk
27842.0,9954.9,18204.23,99463.2,Above_25000,0.0,1,0,3,Low Risk
29421.0,0.0,20427.22,70639.3,Above_25000,201.51,3,0,4,Medium Risk
4708.0,0.0,2630.05,9728.47,Below_25000,620.65,0,0,2,Low Risk
6630.0,0.0,3448.26,30808.78,Above_25000,314.69,0,1,4,Low Risk
22595.0,9567.31,8444.34,99639.38,Above_25000,311.22,1,0,4,Low Risk
13485.0,0.0,6258.34,35763.25,Above_25000,161.24,3,1,2,Low Risk
31308.0,23384.28,16186.54,91896.85,Above_25000,1145.34,1,0,4,Low Risk
15021.0,25220.89,5171.73,31466.46,Above_25000,0.0,1,1,2,Low Risk
25922.0,20025.51,10635.95,138418.01,Above_25000,150.02,3,1,3,Low Risk
29086.0,0.0,17425.79,171571.4,Above_25000,1295.82,1,1,2,Low Risk
19859.0,21283.44,13262.47,50478.36,Above_25000,3444.51,0,1,2,Very Low Risk
10684.0,20212.23,8538.37,31260.32,Above_25000,0.0,3,1,3,Low Risk
28552.0,0.0,21886.73,156283.31,Above_25000,321.98,3,1,2,Medium Risk
4207.0,0.0,2613.74,24004.53,Below_25000,113.6,3,1,3,Medium Risk
16331.0,0.0,8339.0,60073.74,Above_25000,109.89,3,1,3,Low Risk
4960.0,10088.98,3065.72,10924.35,Below_25000,197.18,1,1,2,Medium Risk
3557.0,0.0,2464.38,7674.47,Below_25000,217.86,1,1,4,Medium Risk
32689.0,0.0,11740.85,140425.39,Above_25000,0.0,0,1,4,Medium Risk
18883.0,0.0,9535.02,67442.15,Above_25000,24.43,2,1,3,Medium Risk
16893.0,0.0,12161.29,35722.1,Above_25000,367.52,2,1,4,High Risk
3882.0,21199.1,1909.62,16820.74,Below_25000,186.09,0,1,4,Low Risk
29770.0,8397.73,17443.32,60885.91,Above_25000,136.57,2,1,2,Low Risk
7761.0,18060.49,4609.14,39965.18,Above_25000,877.87,0,1,3,Very Low Risk
30243.0,1040.21,11862.46,97555.79,Above_25000,149.16,1,1,3,Medium Risk
8867.0,3181.15,4266.07,19161.87,Below_25000,327.51,3,1,2,Low Risk
26347.0,10935.89,12310.78,114699.26,Above_25000,0.0,3,1,4,Low Risk
32535.0,8062.1,10186.65,116824.65,Above_25000,0.0,1,1,3,Low Risk
15869.0,0.0,4952.65,93550.96,Above_25000,0.0,3,1,4,Medium Risk
10166.0,0.0,7277.32,42461.29,Above_25000,0.0,3,1,3,Medium Risk
15982.0,2217.02,6976.71,49559.49,Above_25000,5.54,2,0,3,Low Risk
10929.0,0.0,6109.74,52871.83,Above_25000,0.0,1,1,3,Low Risk
8347.0,0.0,3750.83,25758.57,Above_25000,0.0,2,1,3,Medium Risk
10269.0,10675.16,7910.62,57680.7,Above_25000,1864.2,2,1,4,Medium Risk
29186.0,20311.05,12539.72,102118.54,Above_25000,768.1,3,1,4,Very Low Risk
31064.0,0.0,15992.63,130452.47,Above_25000,3813.27,3,1,4,Medium Risk
27509.0,0.0,20256.67,60582.86,Above_25000,644.23,1,1,4,Low Risk
16527.0,0.0,11915.42,61224.02,Above_25000,1865.81,3,0,2,Medium Risk
5454.0,0.0,2143.7,29066.84,Above_25000,1423.75,3,1,3,Medium Risk
23878.0,5441.75,16746.16,124705.13,Above_25000,167.68,1,0,3,Medium Risk
21330.0,26303.05,11285.56,61798.86,Above_25000,205.71,3,0,3,Medium Risk
32386.0,0.0,17536.51,94059.19,Above_25000,280.95,2,1,2,Low Risk
15991.0,23763.58,5864.54,84260.12,Above_25000,0.0,1,1,4,Low Risk
5808.0,0.0,1976.47,33231.02,Above_25000,0.0,3,0,3,High Risk
9642.0,0.0,6402.0,22961.88,Below_25000,760.29,0,0,4,Medium Risk
6825.0,0.0,3741.67,25936.6,Above_25000,472.51,1,1,4,Medium Risk
6536.0,26867.56,3388.43,21894.4,Below_25000,570.66,1,1,2,Low Risk
33386.0,0.0,22193.48,183047.22,Above_25000,440.58,0,0,2,Medium Risk
25452.0,25723.92,17377.52,59407.5,Above_25000,232.97,3,1,4,Low Risk
18309.0,13115.41,6947.42,52080.02,Above_25000,0.0,3,1,3,Low Risk
6802.0,10234.04,4115.98,34077.16,Above_25000,99.28,1,1,3,Low Risk
31753.0,13878.02,11674.85,70020.93,Above_25000,1235.47,1,1,2,Very Low Risk
24083.0,0.0,16272.58,95612.92,Above_25000,817.01,3,1,2,Medium Risk
21354.0,0.0,13420.51,80471.01,Above_25000,552.68,3,1,2,Medium Risk
25190.0,0.0,19605.56,84074.26,Above_25000,6045.09,2,1,2,Medium Risk
9142.0,0.0,3057.81,32712.72,Above_25000,15898.95,1,1,2,Medium Risk
31398.0,0.0,10315.1,129352.3,Above_25000,98.34,1,0,2,Medium Risk
22203.0,23603.73,9793.6,58737.36,Above_25000,0.0,0,1,2,Low Risk
49962.25,6000.0,12500.0,250000.0,long term,3667.0,0,1,2,Medium Risk
250000.0,0.0,0.0,250000.0,long term,863.2,1,1,2,Medium Risk
25000.0,1666.6,20000.0,250000.0,long term,1009.0,0,1,2,High Risk
30000.0,0.0,20000.0,250000.0,long term,992.55,1,1,2,High Risk
60000.0,0.0,50000.0,250000.0,long term,1196.0,0,1,2,Medium Risk
59220.4,0.0,25000.0,250000.0,long term,1000.0,0,1,2,Medium Risk
27114.0,18000.0,26183.3,250000.0,long term,4044.94,0,1,2,Medium Risk
40000.0,1666.6,28333.0,200000.0,long term,58331.15,1,1,2,Medium Risk
105495.0,30000.0,43828.0,250000.0,long term,1317.0,1,1,2,Medium Risk
70000.0,30000.0,60000.0,250000.0,long term,368.4,1,1,2,Medium Risk
25000.0,16666.6,41666.0,250000.0,long term,4367.74,1,1,2,High Risk
45000.0,15000.0,5000.0,250000.0,long term,204.97,1,1,2,Medium Risk
30000.0,75000.0,88333.0,250000.0,long term,602.0,0,1,2,Low Risk
30000.0,25000.0,18000.0,250000.0,long term,1507.19,0,1,2,Medium Risk
28000.0,12500.0,33333.0,250000.0,long term,877.45,1,1,2,High Risk
18259.0,0.0,0.0,250000.0,long term,8471.07,0,1,2,High Risk
50107.0,0.0,41666.0,250000.0,long term,513.0,0,1,2,Medium Risk
52000.0,0.0,35000.0,200000.0,long term,784.1,1,1,1,Medium Risk
32069.0,70000.0,75000.0,250000.0,long term,1048.0,1,1,1,Medium Risk
30000.0,30000.0,35000.0,250000.0,long term,608.0,0,1,1,Medium Risk
30000.0,15000.0,20833.0,250000.0,long term,2104.0,0,1,1,Medium Risk
35000.0,20000.0,25000.0,250000.0,long term,405.0,0,1,1,Medium Risk
50000.0,30000.0,40000.0,250000.0,long term,1004.0,0,1,1,Medium Risk
25000.0,60000.0,12500.0,250000.0,long term,3667.0,0,1,1,Medium Risk
56725.0,0.0,35000.0,250000.0,long term,17015.0,0,1,1,Medium Risk
352500.0,0.0,19166.0,250000.0,long term,4135.0,0,1,1,Medium Risk
21270.0,20000.0,33333.0,250000.0,long term,121.11,1,1,1,High Risk
35000.0,35000.0,25000.0,250000.0,long term,598.95,1,1,1,Medium Risk
2000.0,0.0,1250.0,10000.0,long term,50.0,0,1,1,Medium Risk
27000.0,0.0,12000.0,250000.0,long term,1002.0,1,1,1,High Risk
27000.0,4166.6,12500.0,250000.0,long term,3511.0,0,1,1,High Risk
45000.0,0.0,11000.0,250000.0,long term,3208.0,0,1,1,Medium Risk
25000.0,0.0,5000.0,250000.0,long term,949.12,1,1,1,High Risk
16402.1,0.0,10416.0,250000.0,EPF,5073.0,1,1,1,High Risk
4200.0,0.0,0.0,25000.0,long term,0.0,0,1,1,Medium Risk
4500.0,0.0,3266.0,25000.0,long term,0.0,0,1,1,Medium Risk
0.0,0.0,0.0,10000.0,Consumer,0.0,0,1,1,High Risk
35000.0,0.0,10000.0,250000.0,long term,0.0,0,1,1,High Risk
65000.0,0.0,35000.0,250000.0,long term,0.0,0,1,1,Medium Risk
40000.0,0.0,16666.0,250000.0,long term,0.0,0,1,1,High Risk
0.0,0.0,0.0,10000.0,below 25000,2000.0,0,1,4,High Risk
0.0,0.0,0.0,15000.0,below 25000,12000.0,0,1,4,High Risk
0.0,0.0,0.0,10000.0,below 25000,20000.0,0,1,3,High Risk
0.0,0.0,0.0,10000.0,below 25000,45000.0,0,1,4,High Risk
0.0,0.0,0.0,10000.0,below 25000,600.5,0,1,4,High Risk
0.0,0.0,0.0,10000.0,below 25000,3000.0,0,1,4,High Risk
0.0,0.0,0.0,7500.0,below 25000,250.0,0,1,4,High Risk
0.0,0.0,0.0,10000.0,below 25000,800.0,0,1,4,High Risk
0.0,0.0,0.0,10000.0,below 25000,120.0,0,1,4,High Risk
0.0,0.0,0.0,10000.0,below 25000,600.0,0,1,4,High Risk
0.0,0.0,0.0,45000.0,above 25000,5000.0,0,1,4,High Risk
0.0,0.0,0.0,50000.0,above 25000,12000.0,0,1,4,High Risk
0.0,0.0,0.0,25000.0,above 25000,2000.0,0,1,3,High Risk
0.0,0.0,0.0,50000.0,above 25000,4782.0,0,1,4,High Risk
0.0,0.0,0.0,25000.0,above 25000,2100.0,0,1,4,High Risk
0.0,0.0,0.0,25000.0,above 25000,2343.0,0,1,4,High Risk
0.0,0.0,0.0,35000.0,above 25000,10000.0,0,1,4,High Risk
0.0,0.0,0.0,40000.0,above 25000,5000.0,0,1,4,High Risk
0.0,0.0,0.0,25000.0,above 25000,1317.0,0,1,4,High Risk
0.0,0.0,0.0,25000.0,above 25000,368.4,0,1,4,High Risk
0.0,0.0,0.0,45000.0,above 25000,4367.74,0,1,4,High Risk
0.0,0.0,0.0,45000.0,above 25000,204.97,1,1,4,High Risk
0.0,0.0,0.0,45000.0,above 25000,602.0,1,1,4,High Risk
0.0,0.0,0.0,25000.0,above 25000,1507.19,1,1,4,High Risk
0.0,0.0,0.0,45000.0,housing laon,877.45,0,1,4,High Risk
0.0,0.0,0.0,25000.0,above 25000,8471.07,1,1,4,High Risk
0.0,0.0,0.0,25000.0,below 25000,800.0,0,1,4,High Risk
0.0,0.0,0.0,40000.0,above 25000,45000.0,0,1,4,High Risk
0.0,0.0,0.0,25000.0,below 25000,600.5,0,1,4,High Risk
0.0,0.0,0.0,25000.0,below 25000,3000.0,0,1,4,High Risk
0.0,0.0,0.0,30000.0,above 25000,250.0,0,1,4,High Risk
0.0,0.0,0.0,25000.0,below 25000,800.0,0,1,4,High Risk
0.0,0.0,0.0,25000.0,below 25000,120.0,0,1,4,High Risk
0.0,0.0,0.0,25000.0,below 25000,5000.0,0,1,4,High Risk
0.0,0.0,0.0,30000.0,above 25000,1600.0,0,1,4,High Risk
0.0,0.0,0.0,20000.0,below 25000,712.3,0,1,4,High Risk
0.0,0.0,0.0,50000.0,above 25000,500.0,0,1,4,High Risk
0.0,0.0,0.0,20000.0,below 25000,340.0,0,1,4,High Risk
0.0,0.0,0.0,25000.0,above 25000,2000.0,0,1,4,High Risk
0.0,0.0,0.0,25000.0,above 25000,430.0,0,1,4,High Risk
0.0,0.0,0.0,50000.0,above 25000,2104.0,0,1,4,High Risk
0.0,0.0,0.0,25000.0,above 25000,405.0,0,1,3,High Risk
0.0,0.0,0.0,25000.0,above 25000,1004.0,1,1,4,High Risk
0.0,0.0,0.0,25000.0,below 25000,3667.0,1,1,4,High Risk
0.0,0.0,0.0,25000.0,below 25000,17015.0,0,1,4,High Risk
0.0,0.0,0.0,15000.0,below 25000,4135.0,0,1,4,High Risk
0.0,0.0,0.0,50000.0,above 25000,121.11,0,1,4,High Risk
0.0,0.0,0.0,25000.0,below 25000,598.95,1,1,4,High Risk
0.0,0.0,0.0,25000.0,below 25000,500.0,1,1,4,High Risk
0.0,0.0,0.0,25000.0,below 25000,4890.0,1,1,4,High Risk
0.0,0.0,0.0,25000.0,below 25000,453.0,0,1,4,High Risk
0.0,0.0,97250.0,25000.0,below 25000,790.0,0,1,4,High Risk
12000.0,0.0,19500.0,40000.0,above 25000,1340.0,0,1,4,High Risk
0.0,0.0,34800.0,50000.0,consumer loan,5900.0,0,1,4,High Risk
0.0,0.0,0.0,50000.0,consumer loan,3200.0,0,1,4,High Risk
0.0,0.0,4285.0,300000.0,sampatha,8000.0,0,1,4,High Risk
0.0,0.0,0.0,40000.0,consumer loan,2100.0,0,1,4,High Risk
0.0,0.0,0.0,250000.0,lifestyle loan,200.0,0,1,4,High Risk
20000.0,0.0,0.0,100000.0,lifestyle loan,380.0,0,1,4,Medium Risk
15000.0,0.0,36200.0,100000.0,lifestyle loan,7000.0,0,1,4,High Risk
50000.0,0.0,78500.0,100000.0,lifestyle loan,2400.0,0,1,4,High Risk
75000.0,0.0,34000.0,400000.0,sampatha,600.5,0,1,4,Medium Risk
0.0,0.0,21500.0,50000.0,consumer loan,3500.0,0,1,4,High Risk
25000.0,0.0,26800.0,50000.0,lifestyle loan,250.0,0,1,4,High Risk
170000.0,0.0,41500.0,100000.0,sewing ,800.0,0,1,4,Low Risk
130000.0,0.0,13200.0,100000.0,lifestyle loan,120.0,1,1,4,Medium Risk
0.0,0.0,0.0,50000.0,consumer loan,600.0,1,1,4,High Risk
0.0,0.0,0.0,10000.0,consumer loan,250.0,0,1,4,High Risk
370000.0,0.0,0.0,250000.0,lakjaya,800.0,0,1,4,Low Risk
25000.0,0.0,0.0,150000.0,chakrya,3000.0,0,1,4,Medium Risk
200000.0,0.0,0.0,150000.0,chakrya,800.0,0,1,4,Low Risk
40000.0,0.0,36000.0,100000.0,lifestyle loan,3667.0,0,1,4,Low Risk
10000.0,0.0,18750.0,50000.0,lifestyle loan,17015.0,0,1,4,High Risk
15000.0,0.0,34500.0,25000.0,above 25000,4135.0,0,1,4,High Risk
10000.0,0.0,25500.0,75000.0,lifestyle loan,121.11,0,1,4,High Risk
8000.0,0.0,36000.0,100000.0,lifestyle loan,598.95,0,1,4,High Risk
15000.0,0.0,18750.0,200000.0,consumer loan,50.0,0,1,4,High Risk
15000.0,0.0,34500.0,100000.0,consumer loan,1002.0,0,1,4,High Risk
130000.0,0.0,0.0,150000.0,lifestyle loan,3511.0,0,1,4,Low Risk
34540.0,0.0,1500.0,150000.0,lifestyle loan,1000.0,0,1,4,Medium Risk
35000.0,0.0,11800.0,50000.0,lifestyle loan,4044.94,0,1,4,Low Risk
15000.0,0.0,12900.0,75000.0,lifestyle loan,58331.15,0,1,4,Medium Risk
3600.0,0.0,0.0,25000.0,lifestyle loan,1317.0,0,1,4,High Risk
8000.0,0.0,0.0,50000.0,lifestyle loan,368.4,0,1,4,High Risk
47169.0,0.0,0.0,100000.0,lifestyle loan,4367.74,0,1,4,Low Risk
30000.0,0.0,0.0,200000.0,lifestyle loan,204.97,1,1,4,High Risk
18000.0,0.0,25500.0,100000.0,consumer loan,602.0,0,1,4,High Risk
30000.0,15000.0,1250.0,75000.0,lifestyle loan,1507.19,0,1,4,Low Risk
20000.0,0.0,5400.0,100000.0,consumer loan,121.11,0,1,4,Medium Risk
25000.0,5000.0,10800.0,100000.0,consumer loan,598.95,0,1,4,Medium Risk
20000.0,10000.0,0.0,25000.0,lifestyle loan,50.0,0,1,4,Low Risk
7500.0,20000.0,3500.0,50000.0,lifestyle loan,790.0,0,1,4,Low Risk
2000.0,8000.0,0.0,50000.0,lifestyle loan,17015.0,0,1,4,Medium Risk
8000.0,0.0,9500.0,10000.0,consumer loan,2400.0,0,1,4,High Risk
0.0,0.0,91500.0,100000.0,consumer loan,500.0,0,1,4,High Risk
40000.0,35000.0,17250.0,50000.0,lifestyle loan,3667.0,0,1,4,Low Risk
5000.0,32000.0,32500.0,50000.0,lifestyle loan,8000.0,0,1,4,Low Risk
35000.0,25000.0,0.0,150000.0,lifestyle loan,121.11,0,1,4,Low Risk
5000.0,4000.0,40200.0,50000.0,lifestyle loan,4890.0,0,1,4,High Risk
15000.0,20000.0,34850.0,25000.0,lifestyle loan,380.0,0,1,4,Low Risk
50000.0,0.0,76000.0,50000.0,lifestyle loan,5900.0,0,1,4,High Risk
7000.0,8000.0,35500.0,100000.0,lifestyle loan,200.0,0,1,4,High Risk
15000.0,6000.0,22400.0,50000.0,lifestyle loan,4135.0,0,1,4,High Risk
30000.0,0.0,24300.0,50000.0,lifestyle loan,7000.0,1,1,4,Medium Risk
10000.0,5000.0,38900.0,100000.0,lifestyle loan,1340.0,0,1,4,High Risk
5000.0,0.0,0.0,100000.0,lifestyle loan,598.95,1,1,4,High Risk
5000.0,8000.0,0.0,100000.0,lifestyle loan,3200.0,0,1,4,High Risk
0.0,0.0,0.0,100000.0,consumer loan,2100.0,0,1,4,High Risk
20000.0,15000.0,0.0,50000.0,consumer loan,453.0,0,1,4,Low Risk
5000.0,1000.0,0.0,100000.0,lifestyle loan,1317.0,0,1,4,High Risk
85000.0,20000.0,0.0,450000.0,lifestyle loan,4135.0,0,1,4,Medium Risk
40000.0,20000.0,0.0,150000.0,lifestyle loan,58331.15,0,1,4,Low Risk
160000.0,10000.0,0.0,100000.0,lifestyle loan,513.0,0,1,4,Low Risk
80000.0,40000.0,0.0,200000.0,lifestyle loan,3208.0,0,1,4,Low Risk
120000.0,6000.0,0.0,1000000.0,lakjaya,121.11,0,1,4,High Risk
30000.0,30000.0,0.0,300000.0,lifestyle loan,877.45,0,1,4,Medium Risk
150000.0,50000.0,0.0,750000.0,lakjaya,1002.0,0,1,4,Medium Risk
30000.0,40000.0,0.0,25000.0,below 25000,949.12,0,1,4,Low Risk
40000.0,50000.0,0.0,50000.0,consumer loan,1507.19,0,1,4,Low Risk
160000.0,50000.01,10200.0,25000.0,consumer loan,204.97,0,1,4,Low Risk
60000.0,30000.0,0.0,500000.0,lifestyle loan,602.0,0,1,4,Medium Risk
45000.0,20000.0,84500.0,450000.0,lakjaya,3667.0,0,1,4,High Risk
100000.0,0.0,18800.0,200000.0,lifestyle loan,1196.0,0,1,4,Low Risk
25000.0,0.0,35700.0,300000.0,sampatha,4367.74,0,1,4,High Risk
45000.0,15000.0,0.0,200000.0,chakrya,608.0,0,1,4,Medium Risk
950000.0,100000.0,43900.0,475000.0,lakjaya,50.0,1,1,4,Medium Risk
700000.0,0.0,37100.0,475000.0,lakjaya,17015.0,1,1,4,Medium Risk
0.0,0.0,79200.0,25000.0,below 25000,1048.0,0,1,4,High Risk
35000.0,0.0,36800.0,25000.0,disaster,863.2,1,1,4,High Risk
15000.0,0.0,21200.0,25000.0,disaster,4044.94,0,1,4,High Risk
130000.0,0.0,25900.0,15000.0,below 25000,3511.0,0,1,4,Low Risk
34540.0,0.0,42100.0,15000.0,below 25000,5073.0,0,1,4,High Risk
35000.0,0.0,12750.0,10000.0,below 25000,784.1,0,1,4,Low Risk
15000.0,0.0,35100.0,15000.0,below 25000,1000.0,1,1,4,High Risk
3600.0,0.0,18400.0,15000.0,above 25000,2104.0,1,1,4,High Risk
8000.0,0.0,32900.0,50000.0,above 25000,368.4,1,1,4,High Risk
47169.0,0.0,26300.0,50000.0,above 25000,992.55,0,1,4,Low Risk
30000.0,0.0,1450.0,25000.0,above 25000,1004.0,0,1,4,Low Risk
18000.0,0.0,12100.0,50000.0,above 25000,3667.0,0,1,4,Low Risk
30000.0,0.0,13800.0,20000.0,below 25000,1009.0,0,1,4,Low Risk
20000.0,0.0,11500.0,50000.0,above 25000,598.95,0,1,4,Low Risk
25000.0,0.0,5600.0,45000.0,above 25000,405.0,0,1,4,Low Risk
20000.0,0.0,11000.0,50000.0,above 25000,8471.07,0,1,4,Low Risk
7500.0,0.0,0.0,150000.0,above 25000,405.0,0,1,4,High Risk
2000.0,0.0,3400.0,20000.0,below 25000,10000.0,0,1,4,High Risk
8000.0,0.0,0.0,40000.0,above 25000,1600.0,0,1,4,Medium Risk
5000.0,0.0,9800.0,30000.0,above 25000,877.45,0,1,4,High Risk
15000.0,0.0,0.0,30000.0,above 25000,2343.0,0,1,4,Low Risk
50000.0,0.0,96800.0,25000.0,above 25000,430.0,0,1,4,High Risk
7000.0,0.0,18100.0,100000.0,above 25000,45000.0,0,1,4,High Risk
15000.0,0.0,34100.0,50000.0,above 25000,3667.0,0,1,4,High Risk
30000.0,0.0,0.0,25000.0,below 25000,500.0,0,1,4,Low Risk
10000.0,0.0,41700.0,15000.0,below 25000,602.0,1,1,4,High Risk
5000.0,0.0,35900.0,35000.0,above 25000,5000.0,0,1,4,High Risk
5000.0,0.0,77400.0,50000.0,above 25000,1317.0,0,1,4,High Risk
18000.0,0.0,34700.0,75000.0,above 25000,204.97,0,1,4,High Risk
30000.0,0.0,20600.0,50000.0,above 25000,340.0,0,1,4,Low Risk
20000.0,0.0,25100.0,50000.0,above 25000,2104.0,0,1,4,High Risk
25000.0,0.0,40800.0,50000.0,above 25000,250.0,0,1,4,High Risk
15000.0,0.0,12100.0,50000.0,above 25000,4367.74,0,1,4,Medium Risk
50000.0,0.0,34600.0,50000.0,above 25000,2100.0,0,1,4,Low Risk
7000.0,0.0,19250.0,50000.0,above 25000,8471.07,1,1,4,High Risk
15000.0,0.0,33300.0,50000.0,above 25000,712.3,1,1,4,High Risk
30000.0,0.0,25750.0,50000.0,above 25000,1507.19,0,1,4,Low Risk
31500.0,0.0,1600.0,50000.0,above 25000,600.5,0,1,4,Low Risk
17500.0,0.0,11950.0,30000.0,above 25000,3000.0,0,1,4,Low Risk
29000.0,0.0,12600.0,50000.0,above 25000,1004.0,1,1,4,Medium Risk
21000.0,0.0,11100.0,50000.0,above 25000,120.0,0,1,4,Low Risk
24500.0,0.0,5100.0,75000.0,above 25000,2000.0,0,1,4,Medium Risk
19500.0,0.0,11800.0,50000.0,above 25000,368.4,0,1,4,Low Risk
7800.0,0.0,34200.0,100000.0,above 25000,800.0,0,1,4,High Risk
2200.0,0.0,19600.0,100000.0,above 25000,5000.0,0,1,4,High Risk
8400.0,16500.0,33750.0,150000.0,above 25000,800.0,0,1,4,High Risk
5300.0,1200.0,24800.0,100000.0,above 25000,30000.0,0,1,4,High Risk
14500.0,0.0,1350.0,75000.0,above 25000,65000.0,0,1,4,Medium Risk
52000.0,0.0,12500.0,100000.0,above 25000,10000.0,0,1,4,Low Risk
6800.0,0.0,13400.0,100000.0,above 25000,3900.0,0,1,4,High Risk
15500.0,42000.0,10900.0,150000.0,above 25000,20000.0,0,1,4,Low Risk
28500.0,6800.0,5200.0,100000.0,above 25000,9000.0,0,1,4,Low Risk
10500.0,31500.0,10150.0,300000.0,above 25000,10000.0,0,1,4,High Risk
4800.0,48000.0,0.0,500000.0,above 25000,9800.0,0,1,4,High Risk
5200.0,39000.0,3750.0,300000.0,above 25000,4700.0,1,1,4,High Risk
18500.0,52500.0,0.0,200000.0,SELF DEVELOPMENT LOAN,10000.0,1,1,4,Medium Risk
30500.0,0.0,0.0,100000.0,SELF DEVELOPMENT LOAN,2343.0,1,1,4,Medium Risk
20500.0,19500.0,0.0,150000.0,SAMPATHA LOAN,430.0,1,1,4,Medium Risk
26000.0,11500.0,0.0,250000.0,LAKJAYA,45000.0,1,1,4,High Risk
16000.0,0.0,0.0,100000.0,SELF DEVELOPMENT LOAN,5000.0,1,1,4,High Risk
48500.0,0.0,0.0,200000.0,SELF DEVELOPMENT LOAN,368.4,1,1,4,Medium Risk
7300.0,0.0,0.0,100000.0,SELF DEVELOPMENT LOAN,4135.0,0,1,4,High Risk
14800.0,0.0,0.0,50000.0,CUSTOMER LOAN,1004.0,0,1,4,Medium Risk
31000.0,14500.0,0.0,40000.0,CUSTOMER LOAN,17015.0,0,1,4,Low Risk
42500.0,1500.0,0.0,50000.0,CUSTOMER LOAN,800.0,0,1,4,Low Risk
4800.0,21000.0,0.0,50000.0,SELF DEVELOPMENT LOAN,12000.0,0,1,4,Low Risk
36200.0,18500.0,0.0,50000.0,CUSTOMER LOAN,712.3,0,1,4,Low Risk
5500.0,9500.0,0.0,50000.0,CUSTOMER LOAN,602.0,1,1,4,Medium Risk
14500.0,38000.0,0.0,200000.0,SELF DEVELOPMENT LOAN,250.0,0,1,4,Medium Risk
52000.0,6500.0,0.0,50000.0,CUSTOMER LOAN,4782.0,0,1,4,Low Risk
7300.0,32000.0,0.0,150000.0,SELF DEVELOPMENT LOAN,500.0,0,1,4,Medium Risk
16000.0,48500.0,0.0,50000.0,SELF DEVELOPMENT LOAN,3667.0,0,1,4,Low Risk
31500.0,41500.0,0.0,150000.0,CHAKREEYA NAYA,1317.0,0,1,4,Low Risk
9800.0,53000.0,0.0,250000.0,LAKJAYA,10000.0,0,1,4,Medium Risk
5200.0,49999.99,0.0,150000.0,SELF DEVELOPMENT LOAN,405.0,0,1,4,Low Risk
4900.0,29500.0,0.0,150000.0,SELF DEVELOPMENT LOAN,2104.0,0,1,4,Medium Risk
0.0,22000.0,0.0,25000.0,CUSTOMER LOAN,600.5,0,1,4,Low Risk
23800.0,0.0,0.0,100000.0,SELF DEVELOPMENT LOAN,2100.0,1,1,4,Medium Risk
5700.0,0.0,0.0,15000.0,25000>,5000.0,1,1,4,Medium Risk
97500.0,0.0,0.0,15000.0,CUSTOMER LOAN,204.97,0,1,4,Low Risk
41000.0,0.0,0.0,15000.0,CUSTOMER LOAN,3000.0,0,1,4,Low Risk
158000.0,0.0,0.0,15000.0,CUSTOMER LOAN,800.0,0,1,4,Low Risk
82500.0,0.0,0.0,15000.0,CUSTOMER LOAN,340.0,0,1,4,Low Risk
125000.0,0.0,0.0,15000.0,CUSTOMER LOAN,1600.0,0,1,4,Low Risk
29500.0,5800.0,20000.0,15000.0,CUSTOMER LOAN,2000.0,0,1,4,Low Risk
148000.0,31000.0,130000.0,15000.0,CUSTOMER LOAN,4367.74,0,1,4,Low Risk
32000.0,51500.0,40000.0,15000.0,CUSTOMER LOAN,120.0,0,1,4,Low Risk
39500.0,39500.0,40000.0,15000.0,CUSTOMER LOAN,877.45,0,1,4,Low Risk
165000.0,54000.0,150000.0,15000.0,CUSTOMER LOAN,8471.07,0,1,4,Low Risk
58000.0,50500.5,70000.0,15000.0,CUSTOMER LOAN,1507.19,0,1,4,Low Risk
47500.0,28000.0,48000.0,50000.0,SELF DEVELOPMENT LOAN,5000.0,0,1,4,Low Risk
102000.0,21500.0,100000.0,50000.0,Samurdhi Abhimaani,2000.0,0,1,4,Low Risk
26500.0,0.0,20000.0,75000.0,SELF DEVELOPMENT LOAN,600.0,0,1,4,Low Risk
44000.0,15800.0,45000.0,25000.0,CUSTOMER LOAN,2000.0,0,1,4,Low Risk
975000.0,1250.0,900000.0,25000.0,CUSTOMER LOAN,500.0,0,1,4,Low Risk
38500.0,23000.0,30000.0,100000.0,SELF DEVELOPMENT LOAN,3000.0,0,1,4,Low Risk
6000.0,19000.0,15000.0,100000.0,SELF DEVELOPMENT LOAN,6090.0,0,1,4,Medium Risk
34000.0,11000.0,15000.0,100000.0,SELF DEVELOPMENT LOAN,3400.0,0,1,4,Low Risk
4700.0,44500.0,35000.0,100000.0,SELF DEVELOPMENT LOAN,4300.0,0,1,4,Low Risk
16500.0,6200.0,16000.0,75000.0,SELF DEVELOPMENT LOAN,999.0,0,1,4,Medium Risk
48000.0,33500.0,50000.0,25000.0,SELF DEVELOPMENT LOAN,498.0,0,1,4,Low Risk
6500.0,55000.0,50000.0,25000.0,SELF DEVELOPMENT LOAN,725.0,0,1,4,Low Risk
14200.0,42000.0,10500.0,25000.0,SELF DEVELOPMENT LOAN,800.0,0,1,4,Low Risk
28000.0,47500.0,0.0,45000.0,SELF DEVELOPMENT LOAN,975.0,0,1,4,Low Risk
11500.0,50001.0,3600.0,50000.0,SELF DEVELOPMENT LOAN,900.0,1,1,4,Medium Risk
5800.0,30500.0,0.0,75000.0,SELF DEVELOPMENT LOAN,123.0,0,1,4,Low Risk
5400.0,19500.0,10100.0,36000.0,SELF DEVELOPMENT LOAN,3000.0,0,1,4,Low Risk
0.0,0.0,0.0,50000.0,SELF DEVELOPMENT LOAN,200.0,0,1,4,High Risk
21500.0,16000.0,0.0,50000.0,SELF DEVELOPMENT LOAN,430.0,0,1,4,Low Risk
6200.0,950.0,0.0,50000.0,SELF DEVELOPMENT LOAN,600.0,0,1,4,High Risk
92000.0,19500.0,0.0,50000.0,SELF DEVELOPMENT LOAN,2000.0,0,1,4,Low Risk
43500.0,20500.0,0.0,30000.0,SELF DEVELOPMENT LOAN,877.45,0,1,4,Low Risk
155000.0,10800.0,0.0,45000.0,SELF DEVELOPMENT LOAN,340.0,0,1,4,Low Risk
78000.0,43000.0,0.0,50000.0,SELF DEVELOPMENT LOAN,8471.07,0,1,4,Low Risk
118000.0,5800.0,0.0,50000.0,SELF DEVELOPMENT LOAN,120.0,0,1,4,Low Risk
33000.0,31000.0,0.0,25000.0,SELF DEVELOPMENT LOAN,5000.0,0,1,4,Low Risk
145000.0,0.0,0.0,50000.0,SELF DEVELOPMENT LOAN,1600.0,1,1,4,Medium Risk
31500.0,0.0,0.0,100000.0,self,4367.74,0,1,4,Medium Risk
42000.0,0.0,0.0,50000.0,customer,800.0,1,1,4,Medium Risk
162000.0,0.0,0.0,200000.0,CHAKREEYA,1507.19,1,1,4,Medium Risk
63000.0,0.0,0.0,50000.0,customer,2000.0,0,1,4,Low Risk
46000.0,0.0,0.0,50000.0,customer,3400.0,1,1,4,Medium Risk
98500.0,0.0,0.0,50000.0,customer,2800.0,0,1,4,Low Risk
27000.0,0.0,0.0,50000.0,customer,800.0,0,1,4,Low Risk
43500.0,0.0,0.0,50000.0,customer,12000.0,0,1,4,Low Risk
960000.0,0.0,0.0,50000.0,c,712.3,0,1,4,Low Risk
720000.0,0.0,0.0,50000.0,customer,602.0,0,1,4,Low Risk
7800.0,0.0,0.0,100000.0,self,250.0,0,1,4,High Risk
22000.0,51500.0,40000.0,100000.0,self,4782.0,0,1,4,Low Risk
8400.0,39500.0,30000.0,150000.0,self,500.0,1,1,4,Medium Risk
5300.0,0.0,30000.0,150000.0,self,3667.0,0,1,4,High Risk
14500.0,0.0,10000.0,100000.0,self,30000.0,0,1,4,High Risk
0.0,0.0,42150.0,25000.0,Consumer,147.95,1,1,2,High Risk
0.0,0.0,12500.0,20000.0,Consumer,470.76,1,1,2,High Risk
0.0,0.0,35800.0,20000.0,Consumer,356.83,0,1,2,High Risk
250000.0,170200.0,18700.0,20000.0,Consumer,557.7,1,1,2,Medium Risk
20000.0,0.0,34500.0,25000.0,Consumer,131.67,1,1,2,High Risk
25000.0,0.0,26800.0,25000.0,Consumer,765.0,1,1,2,High Risk
25000.0,0.0,1750.0,25000.0,Consumer,1105.0,1,1,2,Medium Risk
0.0,0.0,12200.0,25000.0,Consumer,598.95,1,1,2,High Risk
250000.0,0.0,0.0,25000.0,Consumer,0.0,1,1,2,Medium Risk
250000.0,0.0,0.0,25000.0,Consumer,4800.0,1,1,2,Medium Risk
0.0,0.0,0.0,25000.0,Consumer,581.0,0,1,2,High Risk
0.0,0.0,0.0,25000.0,Consumer,900.0,0,1,2,High Risk
0.0,0.0,0.0,25000.0,long term,0.0,0,1,2,High Risk
0.0,0.0,0.0,10000.0,long term,50.0,0,1,2,High Risk
0.0,0.0,0.0,10000.0,long term,0.0,0,1,2,High Risk
0.0,0.0,0.0,10000.0,long term,0.0,0,1,2,High Risk
0.0,0.0,0.0,25000.0,Consumer,0.0,0,1,2,High Risk
0.0,0.0,0.0,25000.0,Consumer,546.21,0,1,2,High Risk
0.0,0.0,0.0,250000.0,Consumer,863.2,0,1,2,High Risk
880000.0,20000.0,50000.0,250000.0,Consumer,1009.0,0,1,2,Low Risk
0.0,20000.0,800000.0,250000.0,Consumer,992.55,0,1,2,High Risk
9600000.0,50000.0,800000.0,250000.0,Consumer,1196.0,0,1,2,Low Risk
20000000.0,25000.0,1500000.0,250000.0,Consumer,1000.0,0,1,2,Low Risk
2100000.0,314200.0,1400000.0,250000.0,Consumer,4044.94,0,1,2,Low Risk
2000000.0,340000.0,1000000.0,200000.0,Consumer,58331.15,0,1,2,Low Risk
10500000.0,525940.0,10000000.0,250000.0,Consumer,1317.0,0,1,2,Low Risk
14000000.0,720000.0,800000.0,250000.0,Consumer,368.4,0,1,2,Low Risk
16600000.0,500000.0,1600000.0,250000.0,Consumer,4367.74,0,1,2,Low Risk
700000.0,600000.0,1000000.0,250000.0,Consumer,204.97,0,1,2,Low Risk
2535000.0,1060000.0,2500000.0,250000.0,Consumer,602.0,0,1,2,Low Risk
19120000.0,216000.0,330000.0,250000.0,Consumer,1507.19,0,1,2,Low Risk
3150000.0,400000.0,3150000.0,250000.0,Consumer,877.45,0,1,2,Low Risk
0.0,0.0,0.0,250000.0,Consumer,8471.07,0,1,2,High Risk
1500000.0,500000.0,1900000.0,250000.0,Consumer,513.0,0,1,2,Low Risk
1250000.0,420000.0,1250000.0,200000.0,Consumer,784.1,0,1,2,Low Risk
8400000.0,900000.0,9000000.0,250000.0,Consumer,1048.0,0,1,2,Low Risk
410000.0,420000.0,60000.0,250000.0,Consumer,608.0,0,1,2,Low Risk
0.0,0.0,0.0,250000.0,Consumer,368.4,0,1,2,High Risk
0.0,0.0,0.0,250000.0,Consumer,4367.74,0,1,2,High Risk
0.0,0.0,0.0,250000.0,Consumer,204.97,0,1,2,High Risk
22500000.0,150000.0,19500000.0,250000.0,Consumer,0.0,0,1,2,Low Risk
15500000.0,1450000.0,1400000.0,1500000.0,Consumer,0.0,0,1,2,Low Risk
400000.0,180000.0,35000.0,250000.0,EPF,0.0,0,1,2,Low Risk
5300000.0,75000.0,500000.0,250000.0,EPF,0.0,0,1,2,Low Risk
0.0,0.0,0.0,0.0,,0.0,0,1,0,High Risk
